Date,Date,Close,gain
2010-01-05,2010-01-05,1616.8,-0.005443976255651628
2010-01-06,2010-01-06,1638.5,0.013421573478475946
2010-01-07,2010-01-07,1648.7,0.0062252059810803395
2010-01-08,2010-01-08,1639.8,-0.005398192515315148
2010-01-11,2010-01-11,1629.45,-0.006311745334796837
2010-01-12,2010-01-12,1583.85,-0.027984902881340368
2010-01-13,2010-01-13,1571.3,-0.007923730151213837
2010-01-14,2010-01-14,1573.55,0.00143193534016417
2010-01-15,2010-01-15,1570.4,-0.00200184296654049
2010-01-18,2010-01-18,1562.5,-0.005030565461029091
2010-01-19,2010-01-19,1559.95,-0.0016319999999999668
2010-01-20,2010-01-20,1563.45,0.0022436616558223488
2010-01-21,2010-01-21,1539.55,-0.015286705682944879
2010-01-22,2010-01-22,1514.3,-0.016400896365821205
2010-01-25,2010-01-25,1532.05,0.01172158753219299
2010-01-27,2010-01-27,1523.4,-0.005646029829313615
2010-01-28,2010-01-28,1526.0,0.0017067086779571916
2010-01-29,2010-01-29,1520.45,-0.003636959370904247
2010-02-01,2010-02-01,1540.75,0.013351310467295763
2010-02-02,2010-02-02,1540.15,-0.0003894207366541558
2010-02-03,2010-02-03,1564.8,0.01600493458429364
2010-02-04,2010-02-04,1561.3,-0.002236707566462215
2010-02-05,2010-02-05,1559.95,-0.0008646640619995871
2010-02-06,2010-02-06,1561.9,0.0012500400653867594
2010-02-08,2010-02-08,1529.1,-0.02100006402458554
2010-02-09,2010-02-09,1530.4,0.0008501733045582771
2010-02-10,2010-02-10,1561.05,0.020027443805541
2010-02-11,2010-02-11,1578.85,0.011402581595720829
2010-02-15,2010-02-15,1578.95,6.333723912987921e-05
2010-02-16,2010-02-16,1569.3,-0.006111656480572547
2010-02-17,2010-02-17,1584.45,0.009653985853565361
2010-02-18,2010-02-18,1580.35,-0.0025876487109092183
2010-02-19,2010-02-19,1651.55,0.04505331097541676
2010-02-22,2010-02-22,1680.25,0.017377614967757582
2010-02-23,2010-02-23,1711.35,0.018509150424043996
2010-02-24,2010-02-24,1710.2,-0.00067198410611502
2010-02-25,2010-02-25,1722.8,0.0073675593497835035
2010-02-26,2010-02-26,1709.9,-0.007487810540979689
2010-03-02,2010-03-02,1707.1,-0.0016375226621441197
2010-03-03,2010-03-03,1710.0,0.0016987874172573747
2010-03-04,2010-03-04,1739.55,0.017280701754385897
2010-03-05,2010-03-05,1741.8,0.0012934379580926691
2010-03-08,2010-03-08,1772.55,0.01765415087840161
2010-03-09,2010-03-09,1750.95,-0.012185833968012094
2010-03-10,2010-03-10,1767.65,0.009537679545389643
2010-03-11,2010-03-11,1744.95,-0.012841908748903896
2010-03-12,2010-03-12,1729.4,-0.008911430126937736
2010-03-15,2010-03-15,1697.55,-0.018416791950965683
2010-03-16,2010-03-16,1696.75,-0.0004712674148036333
2010-03-17,2010-03-17,1692.3,-0.00262266096950059
2010-03-18,2010-03-18,1702.05,0.005761389824499252
2010-03-19,2010-03-19,1725.2,0.013601245556828623
2010-03-22,2010-03-22,1742.15,0.0098249478321355
2010-03-23,2010-03-23,1745.9,0.002152512699824971
2010-03-25,2010-03-25,1748.35,0.0014032877026175505
2010-03-26,2010-03-26,1748.85,0.0002859839277031817
2010-03-29,2010-03-29,1757.85,0.005146238957028926
2010-03-30,2010-03-30,1772.3,0.008220269078704101
2010-03-31,2010-03-31,1778.0,0.0032161597923603402
2010-04-01,2010-04-01,1768.85,-0.0051462317210348996
2010-04-05,2010-04-05,1785.1,0.009186759759165497
2010-04-06,2010-04-06,1762.85,-0.012464287714973987
2010-04-07,2010-04-07,1760.95,-0.001077800153160946
2010-04-08,2010-04-08,1770.05,0.0051676651807262
2010-04-09,2010-04-09,1780.25,0.005762549080534418
2010-04-12,2010-04-12,1789.75,0.0053363291672516855
2010-04-13,2010-04-13,1801.1,0.006341667830702669
2010-04-15,2010-04-15,1810.2,0.005052467936261351
2010-04-16,2010-04-16,1827.8,0.009722682576510877
2010-04-19,2010-04-19,1851.6,0.0130211182842761
2010-04-20,2010-04-20,1863.05,0.006183841002376456
2010-04-21,2010-04-21,1917.3,0.029118917903437902
2010-04-22,2010-04-22,1905.15,-0.006337036457518264
2010-04-23,2010-04-23,1898.6,-0.0034380494974149967
2010-04-26,2010-04-26,1883.75,-0.007821552723059066
2010-04-27,2010-04-27,1885.45,0.0009024552090246551
2010-04-28,2010-04-28,1897.1,0.00617889628470647
2010-04-29,2010-04-29,1882.8,-0.00753782088450794
2010-04-30,2010-04-30,1912.95,0.01601338432122379
2010-05-03,2010-05-03,1898.5,-0.007553778195980021
2010-05-04,2010-05-04,1888.65,-0.005188306557808775
2010-05-05,2010-05-05,1945.6,0.0301538135705397
2010-05-06,2010-05-06,1985.3,0.020405016447368363
2010-05-07,2010-05-07,1942.8,-0.021407343978240068
2010-05-10,2010-05-10,1996.1,0.027434630430306806
2010-05-11,2010-05-11,1997.8,0.0008516607384398966
2010-05-12,2010-05-12,2057.75,0.03000800880969079
2010-05-13,2010-05-13,2132.4,0.03627748754707816
2010-05-14,2010-05-14,2140.0,0.0035640592759331735
2010-05-17,2010-05-17,2160.45,0.009556074766355005
2010-05-18,2010-05-18,2174.4,0.00645698812747364
2010-05-19,2010-05-19,2064.3,-0.05063465783664456
2010-05-20,2010-05-20,2085.55,0.01029404640798326
2010-05-21,2010-05-21,2043.95,-0.019946776629666152
2010-05-24,2010-05-24,2025.9,-0.008830940091489548
2010-05-25,2010-05-25,2008.95,-0.008366651858433327
2010-05-26,2010-05-26,2008.35,-0.0002986634809228894
2010-05-27,2010-05-27,1981.1,-0.013568352129857852
2010-05-28,2010-05-28,1995.9,0.007470597143001356
2010-05-31,2010-05-31,2107.95,0.056140087178716325
2010-06-01,2010-06-01,2087.9,-0.009511610806707815
2010-06-02,2010-06-02,2107.85,0.009555055318741124
2010-06-03,2010-06-03,2080.45,-0.012999027445027012
2010-06-04,2010-06-04,2035.2,-0.021750102141363525
2010-06-07,2010-06-07,2030.6,-0.0022602201257861942
2010-06-08,2010-06-08,2028.55,-0.0010095538264551784
2010-06-09,2010-06-09,2103.2,0.03679968450370952
2010-06-10,2010-06-10,2106.3,0.001473944465576471
2010-06-11,2010-06-11,2076.9,-0.013958125623130702
2010-06-14,2010-06-14,2076.2,-0.00033704078193474984
2010-06-15,2010-06-15,2077.5,0.0006261439167711824
2010-06-16,2010-06-16,2084.7,0.003465703971119005
2010-06-17,2010-06-17,2096.7,0.005756223917110281
2010-06-18,2010-06-18,2084.95,-0.005604044450803647
2010-06-21,2010-06-21,2123.25,0.018369745077819744
2010-06-22,2010-06-22,2097.6,-0.012080536912751683
2010-06-23,2010-06-23,2119.55,0.010464340198321986
2010-06-24,2010-06-24,2141.9,0.01054469109008993
2010-06-25,2010-06-25,2174.55,0.015243475419020491
2010-06-28,2010-06-28,2193.2,0.008576487089282603
2010-06-29,2010-06-29,2218.25,0.011421666970636624
2010-06-30,2010-06-30,2183.95,-0.015462639468049266
2010-07-01,2010-07-01,2188.6,0.002129169623846794
2010-07-02,2010-07-02,2160.2,-0.012976331901672356
2010-07-05,2010-07-05,2169.4,0.004258864919914895
2010-07-06,2010-07-06,2135.2,-0.015764727574444692
2010-07-07,2010-07-07,2133.4,-0.0008430123641811615
2010-07-08,2010-07-08,2137.2,0.0017811943376768724
2010-07-09,2010-07-09,2110.05,-0.012703537338573656
2010-07-12,2010-07-12,2085.6,-0.011587403142105712
2010-07-13,2010-07-13,2047.3,-0.018364019946298438
2010-07-14,2010-07-14,2088.4,0.020075221022810563
2010-07-15,2010-07-15,2074.15,-0.006823405477877853
2010-07-16,2010-07-16,2068.9,-0.0025311573415616184
2010-07-19,2010-07-19,2047.9,-0.010150321426845132
2010-07-20,2010-07-20,2026.9,-0.010254406953464579
2010-07-21,2010-07-21,2030.95,0.0019981252158467466
2010-07-22,2010-07-22,2029.9,-0.0005169994337624884
2010-07-23,2010-07-23,2076.75,0.02307995467757018
2010-07-26,2010-07-26,2065.05,-0.00563380281690129
2010-07-27,2010-07-27,2060.0,-0.0024454613689741667
2010-07-28,2010-07-28,2064.55,0.0022087378640778255
2010-07-29,2010-07-29,2023.3,-0.019980140950812686
2010-07-30,2010-07-30,2010.8,-0.006178025997133352
2010-08-02,2010-08-02,2014.85,0.002014123731848061
2010-08-03,2010-08-03,2003.0,-0.0058813311164602755
2010-08-04,2010-08-04,1998.15,-0.0024213679480777905
2010-08-05,2010-08-05,2012.15,0.0070064809949204054
2010-08-06,2010-08-06,2018.05,0.002932186964192507
2010-08-09,2010-08-09,1995.35,-0.011248482445925578
2010-08-10,2010-08-10,1990.35,-0.0025058260455559367
2010-08-11,2010-08-11,1958.25,-0.016127816715653
2010-08-12,2010-08-12,1950.4,-0.0040086812204773725
2010-08-13,2010-08-13,1961.8,0.0058449548810499685
2010-08-16,2010-08-16,1945.05,-0.008538077275971001
2010-08-17,2010-08-17,1961.55,0.008483072414590787
2010-08-18,2010-08-18,1943.7,-0.009099946470903064
2010-08-19,2010-08-19,1976.0,0.016617790811339184
2010-08-20,2010-08-20,2017.05,0.020774291497975605
2010-08-23,2010-08-23,1971.8,-0.022433752261966755
2010-08-24,2010-08-24,1945.65,-0.013261994117050313
2010-08-25,2010-08-25,1889.8,-0.02870506000565376
2010-08-26,2010-08-26,1873.45,-0.008651709175574118
2010-08-27,2010-08-27,1872.85,-0.00032026475219526507
2010-08-30,2010-08-30,1894.0,0.011292949248471684
2010-08-31,2010-08-31,1860.7,-0.01758183738120378
2010-09-01,2010-09-01,1880.25,0.010506798516687343
2010-09-02,2010-09-02,1906.7,0.014067278287461793
2010-09-03,2010-09-03,1916.4,0.005087323648188091
2010-09-06,2010-09-06,1916.85,0.00023481527864732676
2010-09-07,2010-09-07,1916.8,-2.60844614862199e-05
2010-09-08,2010-09-08,1918.35,0.0008086393989983343
2010-09-09,2010-09-09,1916.8,-0.0008079860296609231
2010-09-13,2010-09-13,1953.85,0.019329090150250305
2010-09-14,2010-09-14,1938.5,-0.007856283747472936
2010-09-15,2010-09-15,1928.35,-0.005236007222078953
2010-09-16,2010-09-16,1916.8,-0.005989576581014844
2010-09-17,2010-09-17,1956.3,0.02060726210350583
2010-09-20,2010-09-20,2026.9,0.03608853447835214
2010-09-21,2010-09-21,2070.25,0.021387340273323785
2010-09-22,2010-09-22,2087.3,0.008235720323632512
2010-09-23,2010-09-23,2084.8,-0.0011977195419919928
2010-09-24,2010-09-24,2112.75,0.013406561780506365
2010-09-27,2010-09-27,2157.1,0.020991598627381425
2010-09-28,2010-09-28,2158.65,0.0007185573223309483
2010-09-29,2010-09-29,2240.95,0.03812568040210307
2010-09-30,2010-09-30,2209.95,-0.013833418862535973
2010-10-01,2010-10-01,2251.05,0.01859770583044873
2010-10-04,2010-10-04,2301.8,0.022545034539437125
2010-10-05,2010-10-05,2285.15,-0.007233469458684527
2010-10-06,2010-10-06,2290.5,0.002341202984486701
2010-10-07,2010-10-07,2275.05,-0.006745252128356194
2010-10-08,2010-10-08,2293.4,0.008065756796553858
2010-10-11,2010-10-11,2286.15,-0.003161245312636285
2010-10-12,2010-10-12,2288.85,0.0011810248671346724
2010-10-13,2010-10-13,2295.05,0.0027087838871049374
2010-10-14,2010-10-14,2305.1,0.004378989564497449
2010-10-15,2010-10-15,2300.75,-0.001887119864647957
2010-10-18,2010-10-18,2351.2,0.021927632293817112
2010-10-19,2010-10-19,2353.0,0.0007655665192243255
2010-10-20,2010-10-20,2361.1,0.0034424139396513898
2010-10-21,2010-10-21,2352.7,-0.0035576638007708272
2010-10-22,2010-10-22,2348.0,-0.0019977047647382618
2010-10-25,2010-10-25,2352.35,0.0018526405451446681
2010-10-26,2010-10-26,2308.8,-0.01851340149212477
2010-10-27,2010-10-27,2261.9,-0.020313582813582864
2010-10-28,2010-10-28,2258.9,-0.0013263185817233847
2010-10-29,2010-10-29,2222.45,-0.01613617247332788
2010-11-01,2010-11-01,2199.05,-0.010528920785619289
2010-11-02,2010-11-02,2240.85,0.019008208089856815
2010-11-03,2010-11-03,2220.1,-0.009259879063748144
2010-11-04,2010-11-04,2224.6,0.002026935723616008
2010-11-05,2010-11-05,2276.1,0.023150229254697452
2010-11-08,2010-11-08,2293.5,0.0076446553314881704
2010-11-09,2010-11-09,2302.1,0.0037497274907345446
2010-11-10,2010-11-10,2255.75,-0.020133790886581737
2010-11-11,2010-11-11,2254.5,-0.0005541394214784168
2010-11-12,2010-11-12,2228.3,-0.011621202040363654
2010-11-15,2010-11-15,2233.05,0.0021316698828703906
2010-11-16,2010-11-16,2270.35,0.016703611652224337
2010-11-18,2010-11-18,2277.2,0.0030171559451186436
2010-11-19,2010-11-19,2227.7,-0.021737221148779184
2010-11-22,2010-11-22,2261.85,0.015329712259280814
2010-11-23,2010-11-23,2240.4,-0.009483387492539186
2010-11-24,2010-11-24,2208.5,-0.014238528834136788
2010-11-25,2010-11-25,2098.05,-0.050011319900384765
2010-11-26,2010-11-26,2107.25,0.004385024189127895
2010-11-29,2010-11-29,2118.15,0.005172618341440227
2010-11-30,2010-11-30,2130.6,0.005877770696126161
2010-12-01,2010-12-01,2170.25,0.018609781282267868
2010-12-02,2010-12-02,2163.8,-0.002972007833198842
2010-12-03,2010-12-03,2131.25,-0.015042979942693546
2010-12-06,2010-12-06,2131.35,4.692082111423801e-05
2010-12-07,2010-12-07,2150.9,0.009172590142398018
2010-12-08,2010-12-08,2146.25,-0.0021618857222558407
2010-12-09,2010-12-09,2130.55,-0.007315084449621367
2010-12-10,2010-12-10,2135.85,0.0024876205674588814
2010-12-13,2010-12-13,2156.2,0.009527822646721473
2010-12-14,2010-12-14,2196.4,0.018643910583433954
2010-12-15,2010-12-15,2193.0,-0.001547987616099089
2010-12-16,2010-12-16,2195.05,0.0009347925216598441
2010-12-20,2010-12-20,2201.85,0.003097879319377661
2010-12-21,2010-12-21,2200.25,-0.0007266616708676565
2010-12-22,2010-12-22,2201.4,0.0005226678786502958
2010-12-23,2010-12-23,2205.3,0.0017715998909784147
2010-12-24,2010-12-24,2212.1,0.0030834807055728497
2010-12-27,2010-12-27,2226.9,0.006690475114145
2010-12-28,2010-12-28,2238.75,0.0053212986663073725
2010-12-29,2010-12-29,2281.3,0.01900614182021232
2010-12-30,2010-12-30,2324.9,0.019111909875947797
2010-12-31,2010-12-31,2337.5,0.005419587939266224
2011-01-03,2011-01-03,2342.6,0.0021818181818180626
2011-01-04,2011-01-04,2347.8,0.002219755826859071
2011-01-05,2011-01-05,2381.75,0.014460345855694667
2011-01-06,2011-01-06,2400.2,0.0077464049543403135
2011-01-07,2011-01-07,2376.75,-0.009770019165069477
2011-01-10,2011-01-10,2390.1,0.005616913852950489
2011-01-11,2011-01-11,2383.6,-0.0027195514832015766
2011-01-12,2011-01-12,2391.7,0.003398221178049887
2011-01-13,2011-01-13,2343.35,-0.020215746122005274
2011-01-14,2011-01-14,2331.35,-0.005120873962489614
2011-01-17,2011-01-17,2314.95,-0.007034550796748751
2011-01-18,2011-01-18,2313.7,-0.0005399684658415893
2011-01-19,2011-01-19,2301.95,-0.0050784457794873505
2011-01-20,2011-01-20,2257.1,-0.01948348139620748
2011-01-21,2011-01-21,2280.6,0.010411590093482692
2011-01-24,2011-01-24,2241.4,-0.01718845917740941
2011-01-25,2011-01-25,2269.6,0.012581422325332214
2011-01-27,2011-01-27,2234.75,-0.015355128657032036
2011-01-28,2011-01-28,2278.55,0.019599507774918923
2011-01-31,2011-01-31,2284.65,0.002677141164336927
2011-02-01,2011-02-01,2265.0,-0.00860087978464974
2011-02-02,2011-02-02,2257.35,-0.0033774834437086954
2011-02-03,2011-02-03,2242.2,-0.006711409395973145
2011-02-04,2011-02-04,2230.35,-0.005284987958255272
2011-02-07,2011-02-07,2233.5,0.00141233438697963
2011-02-08,2011-02-08,2241.75,0.003693754197447996
2011-02-09,2011-02-09,2197.8,-0.019605219136834995
2011-02-10,2011-02-10,2210.55,0.0058012558012559
2011-02-11,2011-02-11,2213.9,0.001515459953405296
2011-02-14,2011-02-14,2201.1,-0.005781652287817907
2011-02-15,2011-02-15,2222.3,0.009631547862432477
2011-02-16,2011-02-16,2218.5,-0.001709940152094802
2011-02-17,2011-02-17,2230.95,0.005611899932386644
2011-02-18,2011-02-18,2221.7,-0.004146215737690251
2011-02-21,2011-02-21,2233.35,0.005243732277085078
2011-02-22,2011-02-22,2235.9,0.0011417825240112034
2011-02-23,2011-02-23,2221.65,-0.006373272507715022
2011-02-24,2011-02-24,2218.9,-0.0012378187383250694
2011-02-25,2011-02-25,2221.35,0.001104150705304452
2011-02-28,2011-02-28,2208.55,-0.005762261687712322
2011-03-01,2011-03-01,2198.05,-0.004754250526363468
2011-03-03,2011-03-03,2178.0,-0.009121721525898074
2011-03-04,2011-03-04,2166.55,-0.0052571166207529
2011-03-07,2011-03-07,2149.6,-0.007823498188364142
2011-03-08,2011-03-08,2162.1,0.005815035355414944
2011-03-09,2011-03-09,2182.75,0.009550899588363304
2011-03-10,2011-03-10,2187.75,0.0022906883518496457
2011-03-11,2011-03-11,2171.95,-0.0072220317677980095
2011-03-14,2011-03-14,2122.4,-0.022813600681415247
2011-03-15,2011-03-15,2085.4,-0.017433094609875632
2011-03-16,2011-03-16,2045.25,-0.019252901122086885
2011-03-17,2011-03-17,2099.3,0.02642708715315978
2011-03-18,2011-03-18,2039.8,-0.02834278092697573
2011-03-21,2011-03-21,2043.5,0.001813903323855337
2011-03-22,2011-03-22,2039.75,-0.0018350868607780457
2011-03-23,2011-03-23,2024.75,-0.007353842382644915
2011-03-24,2011-03-24,2096.2,0.03528830719841958
2011-03-25,2011-03-25,2097.45,0.0005963171453104987
2011-03-28,2011-03-28,2097.35,-4.7676941047458676e-05
2011-03-29,2011-03-29,2080.45,-0.008057787207666811
2011-03-30,2011-03-30,2095.45,0.007209978610396739
2011-03-31,2011-03-31,2062.95,-0.015509795032093376
2011-04-01,2011-04-01,2090.9,0.013548559102256608
2011-04-04,2011-04-04,2121.55,0.014658759385910436
2011-04-05,2011-04-05,2112.55,-0.004242181423958935
2011-04-06,2011-04-06,2129.9,0.00821282336512752
2011-04-07,2011-04-07,2148.85,0.00889713132071912
2011-04-08,2011-04-08,2177.9,0.013518858924541188
2011-04-11,2011-04-11,2147.75,-0.01384361081776031
2011-04-13,2011-04-13,2134.55,-0.006145966709346862
2011-04-15,2011-04-15,2104.9,-0.01389051556534171
2011-04-18,2011-04-18,2120.4,0.007363770250368162
2011-04-19,2011-04-19,2119.0,-0.0006602527824939308
2011-04-20,2011-04-20,2114.15,-0.0022888154789995063
2011-04-21,2011-04-21,2111.55,-0.0012298086701511002
2011-04-25,2011-04-25,2109.0,-0.0012076436740783292
2011-04-26,2011-04-26,2115.0,0.002844950213371167
2011-04-27,2011-04-27,2193.9,0.03730496453900711
2011-04-28,2011-04-28,2227.9,0.015497515839372866
2011-04-29,2011-04-29,2257.65,0.013353382108712175
2011-05-02,2011-05-02,2273.0,0.0067991052643234795
2011-05-03,2011-05-03,2292.5,0.008578970523537066
2011-05-04,2011-05-04,2336.0,0.0189749182115595
2011-05-05,2011-05-05,2255.65,-0.034396404109588996
2011-05-06,2011-05-06,2294.35,0.017156917074900635
2011-05-09,2011-05-09,2293.4,-0.0004140606271928471
2011-05-10,2011-05-10,2303.9,0.004578355280369761
2011-05-11,2011-05-11,2334.2,0.01315161248318053
2011-05-12,2011-05-12,2340.45,0.0026775769000084715
2011-05-13,2011-05-13,2339.5,-0.00040590484735836263
2011-05-16,2011-05-16,2372.2,0.013977345586663636
2011-05-17,2011-05-17,2359.9,-0.005185060281595044
2011-05-18,2011-05-18,2335.4,-0.010381795838806718
2011-05-19,2011-05-19,2320.15,-0.006529930632867997
2011-05-20,2011-05-20,2333.6,0.005797038984548308
2011-05-23,2011-05-23,2333.55,-2.1426122728707142e-05
2011-05-24,2011-05-24,2341.35,0.003342546763514642
2011-05-25,2011-05-25,2339.3,-0.0008755632434278571
2011-05-26,2011-05-26,2328.65,-0.004552643953319446
2011-05-27,2011-05-27,2336.8,0.003499881905825397
2011-05-30,2011-05-30,2312.2,-0.0105272167066075
2011-05-31,2011-05-31,2321.5,0.00402214341319973
2011-06-01,2011-06-01,2360.65,0.01686409648933873
2011-06-02,2011-06-02,2366.7,0.002562853451379743
2011-06-03,2011-06-03,2394.55,0.011767439895213005
2011-06-06,2011-06-06,2369.0,-0.010670063268672703
2011-06-07,2011-06-07,2359.3,-0.0040945546644153286
2011-06-08,2011-06-08,2360.05,0.0003178908998431318
2011-06-09,2011-06-09,2364.7,0.0019702972394650686
2011-06-10,2011-06-10,2402.3,0.0159005370660128
2011-06-13,2011-06-13,2433.2,0.012862673271448077
2011-06-14,2011-06-14,2434.45,0.0005137267795496392
2011-06-15,2011-06-15,2445.2,0.004415781798763563
2011-06-16,2011-06-16,2459.9,0.006011778177654303
2011-06-17,2011-06-17,2350.85,-0.0443310703687142
2011-06-20,2011-06-20,2327.6,-0.00989003977284808
2011-06-21,2011-06-21,2320.75,-0.002942945523285778
2011-06-22,2011-06-22,2317.45,-0.0014219541096629484
2011-06-23,2011-06-23,2316.85,-0.00025890526224936483
2011-06-24,2011-06-24,2338.5,0.009344584241534948
2011-06-27,2011-06-27,2326.55,-0.0051101133205044835
2011-06-28,2011-06-28,2331.95,0.002321033289634622
2011-06-29,2011-06-29,2357.4,0.010913613070606232
2011-06-30,2011-06-30,2350.15,-0.003075422075167533
2011-07-01,2011-07-01,2346.1,-0.001723294257813368
2011-07-04,2011-07-04,2356.1,0.004262392907378176
2011-07-05,2011-07-05,2335.55,-0.008722040660413266
2011-07-06,2011-07-06,2331.7,-0.0016484339877118614
2011-07-07,2011-07-07,2353.15,0.009199296650512556
2011-07-08,2011-07-08,2318.15,-0.014873679960903496
2011-07-11,2011-07-11,2329.4,0.004853007786381314
2011-07-12,2011-07-12,2330.35,0.0004078303425774088
2011-07-13,2011-07-13,2325.85,-0.0019310404016563698
2011-07-14,2011-07-14,2326.3,0.0001934776533312199
2011-07-15,2011-07-15,2345.15,0.008102996174182087
2011-07-18,2011-07-18,2301.25,-0.018719484894356486
2011-07-19,2011-07-19,2311.2,0.00432373709940248
2011-07-20,2011-07-20,2297.15,-0.006079093111803324
2011-07-21,2011-07-21,2320.45,0.010143003286681163
2011-07-22,2011-07-22,2316.05,-0.0018961839298410332
2011-07-25,2011-07-25,2345.4,0.012672437987089946
2011-07-26,2011-07-26,2315.5,-0.012748358488957168
2011-07-27,2011-07-27,2302.6,-0.005571150939322034
2011-07-28,2011-07-28,2381.1,0.034091896117432574
2011-07-29,2011-07-29,2344.9,-0.01520305741044048
2011-08-01,2011-08-01,2307.35,-0.016013476054416054
2011-08-02,2011-08-02,2292.25,-0.006544304071770646
2011-08-03,2011-08-03,2275.6,-0.007263605627658487
2011-08-04,2011-08-04,2280.95,0.002351028300228375
2011-08-05,2011-08-05,2200.9,-0.03509502619522553
2011-08-08,2011-08-08,2136.55,-0.029238038984051973
2011-08-09,2011-08-09,2112.15,-0.01142028035852194
2011-08-10,2011-08-10,2118.45,0.0029827427029329723
2011-08-11,2011-08-11,2158.45,0.018881729566428307
2011-08-12,2011-08-12,2139.65,-0.008709953902105605
2011-08-16,2011-08-16,2135.45,-0.0019629378636694117
2011-08-17,2011-08-17,2147.9,0.005830152895174523
2011-08-18,2011-08-18,2151.95,0.0018855626425811067
2011-08-19,2011-08-19,2146.45,-0.0025558214642533716
2011-08-22,2011-08-22,2158.2,0.0054741550001164985
2011-08-23,2011-08-23,2166.35,0.0037762950606987644
2011-08-24,2011-08-24,2149.65,-0.0077088189812356545
2011-08-25,2011-08-25,2104.7,-0.020910380759658675
2011-08-26,2011-08-26,2125.25,0.009763861833040455
2011-08-29,2011-08-29,2108.4,-0.00792847900247029
2011-08-30,2011-08-30,2119.6,0.005312084993359889
2011-09-02,2011-09-02,2130.6,0.005189658426118182
2011-09-05,2011-09-05,2129.9,-0.0003285459494977161
2011-09-06,2011-09-06,2130.75,0.00039907976900321884
2011-09-07,2011-09-07,2123.35,-0.0034729555320897054
2011-09-08,2011-09-08,2117.15,-0.0029199142863869376
2011-09-09,2011-09-09,2094.35,-0.010769194435916285
2011-09-12,2011-09-12,2076.95,-0.008308066942010695
2011-09-13,2011-09-13,2059.7,-0.00830544789234211
2011-09-14,2011-09-14,2043.85,-0.007695295431373483
2011-09-15,2011-09-15,2059.55,0.007681581329354037
2011-09-16,2011-09-16,2052.75,-0.0033016921172102087
2011-09-19,2011-09-19,2067.6,0.007234198027036953
2011-09-20,2011-09-20,2058.5,-0.004401238150512632
2011-09-21,2011-09-21,2069.75,0.005465144522710741
2011-09-22,2011-09-22,2051.35,-0.008889962555864273
2011-09-23,2011-09-23,2004.65,-0.022765495892948406
2011-09-26,2011-09-26,2022.8,0.009053949567256137
2011-09-27,2011-09-27,2064.8,0.020763298398259966
2011-09-28,2011-09-28,2093.95,0.014117590081363707
2011-09-29,2011-09-29,2085.8,-0.0038921655244870124
2011-09-30,2011-09-30,2091.0,0.002493048230894468
2011-10-03,2011-10-03,2098.95,0.00380200860832125
2011-10-04,2011-10-04,2100.4,0.0006908216012768698
2011-10-05,2011-10-05,2091.7,-0.004142068177490077
2011-10-07,2011-10-07,2098.85,0.003418272218769447
2011-10-10,2011-10-10,2083.25,-0.007432641684732122
2011-10-11,2011-10-11,2059.55,-0.011376455058202284
2011-10-12,2011-10-12,2047.05,-0.006069286980165733
2011-10-13,2011-10-13,2058.25,0.0054712879509537515
2011-10-14,2011-10-14,2061.95,0.0017976436292965747
2011-10-17,2011-10-17,2075.05,0.00635320934067285
2011-10-18,2011-10-18,2071.25,-0.0018312811739477075
2011-10-19,2011-10-19,2093.35,0.01066988533494273
2011-10-20,2011-10-20,2091.4,-0.0009315212458498312
2011-10-21,2011-10-21,2106.05,0.007004877115807551
2011-10-24,2011-10-24,2087.2,-0.008950404786211341
2011-10-25,2011-10-25,2097.45,0.004910885396703701
2011-10-26,2011-10-26,2102.9,0.0025983932870867754
2011-10-28,2011-10-28,2120.65,0.008440724713490999
2011-10-31,2011-10-31,2057.6,-0.029731450262891146
2011-11-01,2011-11-01,2103.5,0.022307542768273736
2011-11-02,2011-11-02,2102.55,-0.0004516282386497483
2011-11-03,2011-11-03,2085.95,-0.00789517490666114
2011-11-04,2011-11-04,2113.5,0.01320741149116711
2011-11-08,2011-11-08,2045.25,-0.03229240596167493
2011-11-09,2011-11-09,2007.75,-0.018335166850018347
2011-11-11,2011-11-11,2027.65,0.0099115925787574
2011-11-14,2011-11-14,2029.7,0.0010110226123838384
2011-11-15,2011-11-15,2003.55,-0.012883677390747472
2011-11-16,2011-11-16,1983.2,-0.010156971375807844
2011-11-17,2011-11-17,1993.45,0.00516841468333995
2011-11-18,2011-11-18,1998.75,0.0026587072662971334
2011-11-21,2011-11-21,1968.65,-0.015059412132582772
2011-11-22,2011-11-22,1950.75,-0.009092525334620238
2011-11-23,2011-11-23,1902.5,-0.02473407663719085
2011-11-24,2011-11-24,1949.8,0.024862023653088094
2011-11-25,2011-11-25,1967.2,0.008923992204328712
2011-11-28,2011-11-28,1953.7,-0.0068625457503049825
2011-11-29,2011-11-29,1943.55,-0.005195270512361239
2011-11-30,2011-11-30,1917.1,-0.013609117336832122
2011-12-01,2011-12-01,1900.15,-0.008841479317719392
2011-12-02,2011-12-02,1925.7,0.013446306870510183
2011-12-05,2011-12-05,1913.15,-0.006517110661058312
2011-12-07,2011-12-07,1909.85,-0.001724903954211765
2011-12-08,2011-12-08,1899.3,-0.005523994030944834
2011-12-09,2011-12-09,1863.15,-0.019033328068235544
2011-12-12,2011-12-12,1864.15,0.0005367254381021258
2011-12-13,2011-12-13,1869.6,0.002923584475498009
2011-12-14,2011-12-14,1860.0,-0.005134788189987138
2011-12-15,2011-12-15,1875.0,0.008064516129032251
2011-12-16,2011-12-16,1840.15,-0.01858666666666664
2011-12-19,2011-12-19,1847.8,0.004157269787788964
2011-12-20,2011-12-20,1849.5,0.0009200129884185948
2011-12-21,2011-12-21,1868.55,0.010300081103000736
2011-12-22,2011-12-22,1920.85,0.027989617617939055
2011-12-23,2011-12-23,1913.35,-0.00390452143582265
2011-12-26,2011-12-26,1919.55,0.0032403898920740914
2011-12-27,2011-12-27,1926.05,0.003386210309707982
2011-12-28,2011-12-28,1927.8,0.0009085953116481083
2011-12-29,2011-12-29,1938.5,0.00555036829546629
2011-12-30,2011-12-30,1945.15,0.003430487490327705
2012-01-02,2012-01-02,1981.85,0.018867439529085095
2012-01-03,2012-01-03,1986.35,0.0022706057471555408
2012-01-04,2012-01-04,1985.55,-0.0004027487602888957
2012-01-05,2012-01-05,1965.05,-0.010324595200322362
2012-01-06,2012-01-06,1951.25,-0.0070227220681406965
2012-01-07,2012-01-07,1957.55,0.0032286995515695693
2012-01-09,2012-01-09,1959.5,0.0009961431381062535
2012-01-10,2012-01-10,1969.05,0.004873692268435814
2012-01-11,2012-01-11,1965.55,-0.0017775069195805626
2012-01-12,2012-01-12,1959.7,-0.002976266185037213
2012-01-13,2012-01-13,1963.25,0.0018115017604736217
2012-01-16,2012-01-16,1983.65,0.01039093340124797
2012-01-17,2012-01-17,1983.35,-0.00015123635722036344
2012-01-18,2012-01-18,1979.9,-0.0017394811808303379
2012-01-19,2012-01-19,1965.8,-0.0071215717965554814
2012-01-20,2012-01-20,1962.75,-0.0015515311832332568
2012-01-23,2012-01-23,1958.9,-0.0019615335626034236
2012-01-24,2012-01-24,1944.85,-0.007172392669355321
2012-01-25,2012-01-25,1936.35,-0.0043705170064529675
2012-01-27,2012-01-27,1946.35,0.005164355617527816
2012-01-30,2012-01-30,1934.45,-0.006114008271893456
2012-01-31,2012-01-31,1940.05,0.0028948796815631006
2012-02-01,2012-02-01,1939.7,-0.00018040772145044848
2012-02-02,2012-02-02,1960.5,0.01072330772799912
2012-02-03,2012-02-03,1959.95,-0.0002805406783983333
2012-02-06,2012-02-06,1982.7,0.011607438965279826
2012-02-07,2012-02-07,2038.3,0.028042568215060237
2012-02-08,2012-02-08,2025.25,-0.006402394151989399
2012-02-09,2012-02-09,2039.25,0.006912726823848914
2012-02-10,2012-02-10,2034.55,-0.0023047689101385327
2012-02-13,2012-02-13,2035.05,0.00024575458946696216
2012-02-14,2012-02-14,2042.25,0.003537996609420002
2012-02-15,2012-02-15,2106.25,0.03133798506549157
2012-02-16,2012-02-16,2086.55,-0.009353115727002925
2012-02-17,2012-02-17,2086.35,-9.585200450512588e-05
2012-02-21,2012-02-21,2088.1,0.0008387854386848748
2012-02-22,2012-02-22,2083.0,-0.002442411761888752
2012-02-23,2012-02-23,2074.6,-0.004032645223235765
2012-02-24,2012-02-24,2079.55,0.0023860021208907956
2012-02-27,2012-02-27,2065.75,-0.006636051068740878
2012-02-28,2012-02-28,2080.6,0.007188672395013862
2012-02-29,2012-02-29,2074.85,-0.0027636258771508437
2012-03-01,2012-03-01,2087.4,0.00604863002144751
2012-03-02,2012-03-02,2084.4,-0.001437194596148328
2012-03-03,2012-03-03,2073.5,-0.005229322586835616
2012-03-05,2012-03-05,2075.25,0.0008439836026041814
2012-03-06,2012-03-06,2080.05,0.0023129743404410874
2012-03-07,2012-03-07,2083.4,0.0016105382082161057
2012-03-09,2012-03-09,2084.0,0.000287990784294756
2012-03-12,2012-03-12,2082.9,-0.0005278310940498576
2012-03-13,2012-03-13,2086.7,0.0018243794709298378
2012-03-14,2012-03-14,2087.05,0.00016772895001704313
2012-03-15,2012-03-15,2116.45,0.014086869025658144
2012-03-16,2012-03-16,2140.45,0.011339743438304684
2012-03-19,2012-03-19,2144.9,0.0020790020790022457
2012-03-20,2012-03-20,2163.75,0.008788288498298158
2012-03-21,2012-03-21,2207.6,0.020265742345465076
2012-03-22,2012-03-22,2190.2,-0.007881862656278327
2012-03-23,2012-03-23,2171.75,-0.008423888229385335
2012-03-26,2012-03-26,2189.6,0.008219178082191636
2012-03-27,2012-03-27,2200.2,0.004841066861527077
2012-03-28,2012-03-28,2256.8,0.025724934096900354
2012-03-29,2012-03-29,2223.75,-0.01464462956398449
2012-03-30,2012-03-30,2316.55,0.0417313097245644
2012-04-02,2012-04-02,2277.6,-0.01681379637823499
2012-04-03,2012-04-03,2289.4,0.00518089216719364
2012-04-04,2012-04-04,2255.0,-0.015025770944352312
2012-04-09,2012-04-09,2210.75,-0.019623059866962334
2012-04-10,2012-04-10,2218.45,0.0034829808888385827
2012-04-11,2012-04-11,2185.45,-0.01487525073812801
2012-04-12,2012-04-12,2172.85,-0.0057654030062458395
2012-04-13,2012-04-13,2192.2,0.008905354718457215
2012-04-16,2012-04-16,2174.75,-0.007960040142322655
2012-04-17,2012-04-17,2210.2,0.01630072422117479
2012-04-18,2012-04-18,2251.9,0.018867070853316514
2012-04-19,2012-04-19,2214.75,-0.016497180158976943
2012-04-20,2012-04-20,2240.9,0.011807201715769322
2012-04-23,2012-04-23,2238.95,-0.0008701860859476884
2012-04-24,2012-04-24,2211.65,-0.012193215569798244
2012-04-25,2012-04-25,2190.65,-0.009495173286912517
2012-04-26,2012-04-26,2179.9,-0.00490721931846716
2012-04-27,2012-04-27,2177.95,-0.0008945364466260708
2012-04-28,2012-04-28,2179.9,0.0008953373585254276
2012-04-30,2012-04-30,2144.05,-0.016445708518739388
2012-05-02,2012-05-02,2172.95,0.013479163265781802
2012-05-03,2012-05-03,2170.75,-0.0010124485146919548
2012-05-04,2012-05-04,2137.3,-0.015409420707128807
2012-05-07,2012-05-07,2127.6,-0.004538436344921237
2012-05-08,2012-05-08,2100.3,-0.012831359278059673
2012-05-09,2012-05-09,2082.95,-0.008260724658382346
2012-05-10,2012-05-10,2054.35,-0.013730526416860678
2012-05-11,2012-05-11,2050.1,-0.002068780879596943
2012-05-14,2012-05-14,2056.35,0.0030486317740598956
2012-05-15,2012-05-15,2028.8,-0.013397524740438094
2012-05-16,2012-05-16,2028.4,-0.00019716088328070036
2012-05-17,2012-05-17,2063.95,0.017526128968645027
2012-05-18,2012-05-18,2049.65,-0.006928462414302561
2012-05-21,2012-05-21,2042.3,-0.003585978093820996
2012-05-22,2012-05-22,1990.15,-0.025534936101454186
2012-05-23,2012-05-23,1964.85,-0.01271260960229137
2012-05-24,2012-05-24,1981.35,0.00839758760210696
2012-05-25,2012-05-25,1995.05,0.00691447750271279
2012-05-28,2012-05-28,2004.8,0.004887095561514787
2012-05-29,2012-05-29,1988.05,-0.008354948124501216
2012-05-30,2012-05-30,2024.4,0.018284248384095036
2012-05-31,2012-05-31,2010.0,-0.007113218731476079
2012-06-01,2012-06-01,1973.5,-0.018159203980099514
2012-06-04,2012-06-04,1985.6,0.0061312389156320535
2012-06-05,2012-06-05,2010.0,0.012288477034649414
2012-06-06,2012-06-06,1985.55,-0.012164179104477646
2012-06-07,2012-06-07,1990.15,0.00231673843519431
2012-06-08,2012-06-08,1988.8,-0.0006783408285808701
2012-06-11,2012-06-11,1958.75,-0.015109613837489877
2012-06-12,2012-06-12,2033.65,0.038238672622846304
2012-06-13,2012-06-13,2048.3,0.007203796130111018
2012-06-14,2012-06-14,2019.7,-0.013962798418200473
2012-06-15,2012-06-15,2012.65,-0.0034906174184284877
2012-06-18,2012-06-18,2000.0,-0.006285245820187413
2012-06-19,2012-06-19,2001.0,0.0004999999999999449
2012-06-20,2012-06-20,2033.7,0.016341829085457338
2012-06-21,2012-06-21,2022.35,-0.005580960810345759
2012-06-22,2012-06-22,2013.85,-0.004203031127154033
2012-06-25,2012-06-25,2016.7,0.0014151997417881645
2012-06-26,2012-06-26,2017.3,0.0002975157435414211
2012-06-27,2012-06-27,2003.25,-0.0069647548703712925
2012-06-28,2012-06-28,2007.1,0.0019218769499562693
2012-06-29,2012-06-29,2019.3,0.006078421603308293
2012-07-02,2012-07-02,2029.85,0.00522458277620963
2012-07-03,2012-07-03,2038.65,0.0043352957115059265
2012-07-04,2012-07-04,2022.15,-0.008093591347215101
2012-07-05,2012-07-05,2019.3,-0.0014093909947333616
2012-07-06,2012-07-06,2016.45,-0.0014113801812508653
2012-07-09,2012-07-09,2015.7,-0.0003719407870267366
2012-07-10,2012-07-10,2039.85,0.011980949546063435
2012-07-11,2012-07-11,2061.45,0.010589013898080646
2012-07-12,2012-07-12,2050.75,-0.005190521235052925
2012-07-13,2012-07-13,2040.65,-0.00492502742898937
2012-07-16,2012-07-16,2059.8,0.009384264817582588
2012-07-17,2012-07-17,2056.7,-0.001505000485484187
2012-07-18,2012-07-18,2066.55,0.004789225458258661
2012-07-19,2012-07-19,2079.75,0.006387457356463511
2012-07-20,2012-07-20,2072.1,-0.0036783267219617777
2012-07-23,2012-07-23,2073.85,0.0008445538342745085
2012-07-24,2012-07-24,2110.85,0.017841213202497874
2012-07-25,2012-07-25,2150.05,0.018570717957221206
2012-07-26,2012-07-26,2150.75,0.0003255738238645556
2012-07-27,2012-07-27,2130.6,-0.009368824828548172
2012-07-30,2012-07-30,2124.4,-0.0029099784098375325
2012-07-31,2012-07-31,2109.95,-0.006801920542270912
2012-08-01,2012-08-01,2104.35,-0.0026540913291783763
2012-08-02,2012-08-02,2123.95,0.009314039964834597
2012-08-03,2012-08-03,2111.0,-0.006097130346759516
2012-08-06,2012-08-06,2086.15,-0.011771672193273242
2012-08-07,2012-08-07,2100.2,0.006734894422740334
2012-08-08,2012-08-08,2087.85,-0.005880392343586283
2012-08-09,2012-08-09,2105.3,0.008357880115908767
2012-08-10,2012-08-10,2109.05,0.00178121882867055
2012-08-13,2012-08-13,2100.15,-0.004219909437898628
2012-08-14,2012-08-14,2100.25,4.7615646501464326e-05
2012-08-16,2012-08-16,2094.85,-0.0025711224854184644
2012-08-17,2012-08-17,2089.0,-0.0027925627133207342
2012-08-21,2012-08-21,2085.05,-0.0018908568693153383
2012-08-22,2012-08-22,2089.1,0.0019423994628424701
2012-08-23,2012-08-23,2115.1,0.012445550715619147
2012-08-24,2012-08-24,2093.75,-0.010094085386033735
2012-08-27,2012-08-27,2089.05,-0.0022447761194028804
2012-08-28,2012-08-28,2085.65,-0.001627534046576229
2012-08-29,2012-08-29,2096.25,0.0050823484285473786
2012-08-30,2012-08-30,2093.2,-0.0014549791293978487
2012-08-31,2012-08-31,2099.95,0.003224727689661755
2012-09-03,2012-09-03,2099.1,-0.00040477154217954947
2012-09-04,2012-09-04,2100.4,0.0006193130389215984
2012-09-05,2012-09-05,2100.3,-4.760997905151054e-05
2012-09-06,2012-09-06,2100.0,-0.00014283673760895343
2012-09-07,2012-09-07,2099.85,-7.142857142861114e-05
2012-09-08,2012-09-08,2115.25,0.007333857180274794
2012-09-10,2012-09-10,2190.75,0.035693180475121045
2012-09-11,2012-09-11,2224.0,0.015177450644756396
2012-09-12,2012-09-12,2175.1,-0.021987410071942493
2012-09-13,2012-09-13,2120.05,-0.025309181187071705
2012-09-14,2012-09-14,2091.4,-0.013513832220938271
2012-09-17,2012-09-17,2006.05,-0.04080998374294742
2012-09-18,2012-09-18,1999.35,-0.003339896812143306
2012-09-20,2012-09-20,1985.6,-0.006877235101407919
2012-09-21,2012-09-21,1972.95,-0.006370870265914541
2012-09-24,2012-09-24,1980.35,0.0037507286043740873
2012-09-25,2012-09-25,1987.2,0.0034589845229380245
2012-09-26,2012-09-26,1998.55,0.00571155394524947
2012-09-27,2012-09-27,1958.05,-0.020264691901628717
2012-09-28,2012-09-28,1981.05,0.011746380327366523
2012-10-01,2012-10-01,2003.15,0.011155700259963153
2012-10-03,2012-10-03,1980.3,-0.011407033921573606
2012-10-04,2012-10-04,1952.1,-0.01424026662626876
2012-10-05,2012-10-05,1943.05,-0.00463603299011317
2012-10-08,2012-10-08,1936.65,-0.00329379068989466
2012-10-09,2012-10-09,1951.1,0.007461337877262109
2012-10-10,2012-10-10,1962.4,0.005791604735790212
2012-10-11,2012-10-11,1968.95,0.0033377496942519347
2012-10-12,2012-10-12,1969.7,0.0003809136849590722
2012-10-15,2012-10-15,1977.6,0.0040107630603645195
2012-10-16,2012-10-16,1991.9,0.007230987055016236
2012-10-17,2012-10-17,1994.7,0.0014056930568804304
2012-10-18,2012-10-18,1991.5,-0.001604251265854506
2012-10-19,2012-10-19,1996.45,0.0024855636454934604
2012-10-22,2012-10-22,2000.0,0.0017781562273033735
2012-10-23,2012-10-23,1995.85,-0.002075000000000049
2012-10-25,2012-10-25,2003.8,0.003983265275446568
2012-10-26,2012-10-26,1999.85,-0.0019712546162291567
2012-10-29,2012-10-29,2004.4,0.0022751706377979186
2012-10-30,2012-10-30,2005.0,0.0002993414488126067
2012-10-31,2012-10-31,2005.0,0.0
2012-11-01,2012-11-01,2005.05,2.4937655860313157e-05
2012-11-02,2012-11-02,1998.2,-0.0034163736565172576
2012-11-05,2012-11-05,1998.95,0.0003753378040236566
2012-11-06,2012-11-06,2001.45,0.0012506565947121295
2012-11-07,2012-11-07,2000.0,-0.0007244747558020626
2012-11-08,2012-11-08,2004.65,0.0023250000000001325
2012-11-09,2012-11-09,2005.5,0.00042401416706150385
2012-11-12,2012-11-12,2010.9,0.00269259536275257
2012-11-13,2012-11-13,1999.05,-0.005892883783380598
2012-11-15,2012-11-15,1985.15,-0.00695330281883888
2012-11-16,2012-11-16,1997.2,0.006070070271767758
2012-11-19,2012-11-19,1996.2,-0.0005007009813738916
2012-11-20,2012-11-20,1999.55,0.0016781885582606293
2012-11-21,2012-11-21,2000.6,0.0005251181515841807
2012-11-22,2012-11-22,2016.2,0.007797660701789555
2012-11-23,2012-11-23,2002.25,-0.006918956452732883
2012-11-26,2012-11-26,2049.8,0.02374828318142108
2012-11-27,2012-11-27,2050.2,0.0001951409893645728
2012-11-29,2012-11-29,2055.95,0.0028046044288361216
2012-11-30,2012-11-30,2050.1,-0.0028453999367688
2012-12-03,2012-12-03,2021.9,-0.013755426564557749
2012-12-04,2012-12-04,2041.35,0.009619664671843164
2012-12-05,2012-12-05,2050.95,0.004702770225585962
2012-12-06,2012-12-06,2050.95,0.0
2012-12-07,2012-12-07,2050.05,-0.00043882103415471274
2012-12-10,2012-12-10,2050.15,4.8779298065904086e-05
2012-12-11,2012-12-11,2050.35,9.755383752407809e-05
2012-12-12,2012-12-12,2050.15,-9.754432170105964e-05
2012-12-13,2012-12-13,2074.55,0.011901568177938193
2012-12-14,2012-12-14,2065.6,-0.004314188619218728
2012-12-17,2012-12-17,2069.8,0.00203330751355546
2012-12-18,2012-12-18,2069.95,7.247077012251246e-05
2012-12-19,2012-12-19,2070.25,0.00014493103698165477
2012-12-20,2012-12-20,2087.6,0.008380630358652219
2012-12-21,2012-12-21,2078.4,-0.004406974516190765
2012-12-24,2012-12-24,2082.25,0.0018523864511161836
2012-12-26,2012-12-26,2085.7,0.0016568615680152554
2012-12-27,2012-12-27,2113.25,0.013208994582154743
2012-12-28,2012-12-28,2119.25,0.0028392286762095598
2012-12-31,2012-12-31,2168.05,0.023027014273917734
2013-01-01,2013-01-01,2145.7,-0.01030880284126301
2013-01-02,2013-01-02,2140.15,-0.002586568485808738
2013-01-03,2013-01-03,2144.05,0.0018223021750811697
2013-01-04,2013-01-04,2160.05,0.007462512534688992
2013-01-07,2013-01-07,2181.6,0.009976620911552825
2013-01-08,2013-01-08,2186.6,0.002291895856252335
2013-01-09,2013-01-09,2190.05,0.0015777920058539507
2013-01-10,2013-01-10,2190.25,9.132211593332329e-05
2013-01-11,2013-01-11,2190.45,9.131377696602883e-05
2013-01-14,2013-01-14,2188.95,-0.000684790796411705
2013-01-15,2013-01-15,2200.9,0.005459238447657722
2013-01-16,2013-01-16,2198.5,-0.0010904629924122222
2013-01-17,2013-01-17,2203.05,0.0020695929042529038
2013-01-18,2013-01-18,2187.7,-0.006967613081863999
2013-01-21,2013-01-21,2173.95,-0.0062851396443753815
2013-01-22,2013-01-22,2148.8,-0.011568803330343269
2013-01-23,2013-01-23,2102.25,-0.021663253909158686
2013-01-24,2013-01-24,2055.8,-0.022095374004043156
2013-01-25,2013-01-25,2054.1,-0.000826928689561357
2013-01-28,2013-01-28,2043.1,-0.005355143371792992
2013-01-29,2013-01-29,2051.65,0.004184817189564871
2013-01-30,2013-01-30,2052.9,0.0006092657129628254
2013-01-31,2013-01-31,2048.8,-0.00199717472843286
2013-02-01,2013-02-01,2043.5,-0.0025868801249512297
2013-02-04,2013-02-04,2037.0,-0.0031808172253486866
2013-02-05,2013-02-05,2079.2,0.020716740304369097
2013-02-06,2013-02-06,2070.2,-0.00432858791843016
2013-02-07,2013-02-07,2079.1,0.004299101536083594
2013-02-08,2013-02-08,2098.9,0.009523351450146711
2013-02-11,2013-02-11,2077.35,-0.010267282862451821
2013-02-12,2013-02-12,2094.2,0.008111295641081151
2013-02-13,2013-02-13,2098.3,0.001957788176869535
2013-02-14,2013-02-14,2096.7,-0.0007625220416529466
2013-02-15,2013-02-15,2096.95,0.000119234988315009
2013-02-18,2013-02-18,2097.1,7.1532463816526e-05
2013-02-19,2013-02-19,2106.6,0.004530065328310462
2013-02-20,2013-02-20,2119.05,0.005909997151808621
2013-02-21,2013-02-21,2099.6,-0.009178641372313168
2013-02-22,2013-02-22,2099.65,2.3814059820992384e-05
2013-02-25,2013-02-25,2101.75,0.0010001666944490228
2013-02-26,2013-02-26,2097.95,-0.0018080171285833613
2013-02-27,2013-02-27,2097.85,-4.766557830260254e-05
2013-02-28,2013-02-28,2110.95,0.006244488404795412
2013-03-01,2013-03-01,2098.9,-0.005708330372580894
2013-03-04,2013-03-04,2099.6,0.00033350802801468404
2013-03-05,2013-03-05,2111.2,0.0055248618784529135
2013-03-06,2013-03-06,2111.0,-9.473285335348525e-05
2013-03-07,2013-03-07,2110.05,-0.00045002368545699056
2013-03-08,2013-03-08,2116.0,0.002819838392455143
2013-03-11,2013-03-11,2126.45,0.0049385633270320195
2013-03-12,2013-03-12,2134.4,0.003738625408544971
2013-03-13,2013-03-13,2133.25,-0.0005387931034482873
2013-03-14,2013-03-14,2117.55,-0.0073596624868158544
2013-03-15,2013-03-15,2119.75,0.0010389365068119716
2013-03-18,2013-03-18,2160.4,0.019176789715768416
2013-03-19,2013-03-19,2150.8,-0.004443621551564525
2013-03-20,2013-03-20,2151.35,0.0002557188023060153
2013-03-21,2013-03-21,2160.6,0.004299625816347907
2013-03-22,2013-03-22,2169.15,0.003957234101638507
2013-03-25,2013-03-25,2168.6,-0.000253555540188688
2013-03-26,2013-03-26,2189.85,0.00979894863045283
2013-03-28,2013-03-28,2205.25,0.007032445144644628
2013-04-01,2013-04-01,2222.0,0.007595510713071185
2013-04-02,2013-04-02,2229.9,0.0035553555355536393
2013-04-03,2013-04-03,2268.55,0.017332615812368335
2013-04-04,2013-04-04,2200.95,-0.029798770139516595
2013-04-05,2013-04-05,2201.65,0.0003180444807924232
2013-04-08,2013-04-08,2200.1,-0.0007040174414644218
2013-04-09,2013-04-09,2200.5,0.00018180991773109056
2013-04-10,2013-04-10,2217.55,0.007748239036582616
2013-04-11,2013-04-11,2204.4,-0.005929967757209553
2013-04-12,2013-04-12,2201.6,-0.0012701868989295484
2013-04-15,2013-04-15,2204.8,0.0014534883720931369
2013-04-16,2013-04-16,2200.1,-0.002131712626995741
2013-04-17,2013-04-17,2225.15,0.011385846097904828
2013-04-18,2013-04-18,2204.9,-0.009100510077972301
2013-04-22,2013-04-22,2207.05,0.0009751009116059084
2013-04-23,2013-04-23,2204.15,-0.001313971137944403
2013-04-25,2013-04-25,2203.35,-0.0003629517047388786
2013-04-26,2013-04-26,2204.05,0.00031769805069559176
2013-04-29,2013-04-29,2216.65,0.005716748712597308
2013-04-30,2013-04-30,2262.3,0.02059413980556246
2013-05-02,2013-05-02,2269.75,0.003293108783096743
2013-05-03,2013-05-03,2278.9,0.004031280978081364
2013-05-06,2013-05-06,2309.65,0.013493352055816477
2013-05-07,2013-05-07,2398.05,0.03827419738921489
2013-05-08,2013-05-08,2344.7,-0.022247242551239665
2013-05-09,2013-05-09,2310.15,-0.014735360600503178
2013-05-10,2013-05-10,2323.35,0.005713914680864907
2013-05-11,2013-05-11,2303.3,-0.008629780274172938
2013-05-13,2013-05-13,2322.4,0.008292449963096304
2013-05-14,2013-05-14,2328.7,0.0027127109886322387
2013-05-15,2013-05-15,2303.95,-0.010628247520075629
2013-05-16,2013-05-16,2271.1,-0.014258121921048583
2013-05-17,2013-05-17,2317.45,0.02040861256659765
2013-05-20,2013-05-20,2282.55,-0.01505965608750981
2013-05-21,2013-05-21,2278.7,-0.001686710039210726
2013-05-22,2013-05-22,2287.85,0.0040154474042217725
2013-05-23,2013-05-23,2282.35,-0.0024040037589877494
2013-05-24,2013-05-24,2273.5,-0.0038775823164720613
2013-05-27,2013-05-27,2272.1,-0.0006157906311854422
2013-05-28,2013-05-28,2266.05,-0.0026627349148363733
2013-05-29,2013-05-29,2272.75,0.002956686745658743
2013-05-30,2013-05-30,2293.0,0.008909910900890994
2013-05-31,2013-05-31,2498.05,0.0894243349324031
2013-06-03,2013-06-03,2666.15,0.06729248814074973
2013-06-04,2013-06-04,2757.9,0.034412917502766094
2013-06-05,2013-06-05,2683.45,-0.02699517749011937
2013-06-06,2013-06-06,2706.15,0.008459259535299912
2013-06-07,2013-06-07,2637.75,-0.025275760767141553
2013-06-10,2013-06-10,2514.45,-0.046744384418538565
2013-06-11,2013-06-11,2424.65,-0.0357135755334167
2013-06-12,2013-06-12,2506.4,0.0337162064627885
2013-06-13,2013-06-13,2470.5,-0.01432333226939042
2013-06-14,2013-06-14,2434.25,-0.014673143088443585
2013-06-17,2013-06-17,2449.65,0.006326383896477328
2013-06-18,2013-06-18,2439.85,-0.004000571510215822
2013-06-19,2013-06-19,2467.9,0.01149660839805744
2013-06-20,2013-06-20,2505.75,0.015336926131528816
2013-06-21,2013-06-21,2484.75,-0.008380724334031697
2013-06-24,2013-06-24,2424.9,-0.024086930274675455
2013-06-25,2013-06-25,2396.4,-0.011753061981937374
2013-06-26,2013-06-26,2330.8,-0.027374394925721912
2013-06-27,2013-06-27,2329.7,-0.00047194096447589207
2013-06-28,2013-06-28,2334.4,0.0020174271365414054
2013-07-01,2013-07-01,2476.9,0.06104352296093207
2013-07-02,2013-07-02,2479.2,0.000928580079938568
2013-07-03,2013-07-03,2618.8,0.056308486608583674
2013-07-04,2013-07-04,2619.95,0.00043913242706561384
2013-07-05,2013-07-05,2551.7,-0.026050115460218737
2013-07-08,2013-07-08,2530.1,-0.00846494493866834
2013-07-09,2013-07-09,2513.75,-0.006462195170151341
2013-07-10,2013-07-10,2494.8,-0.007538538040775644
2013-07-11,2013-07-11,2480.2,-0.005852172518839294
2013-07-12,2013-07-12,2553.55,0.029574227884848092
2013-07-15,2013-07-15,2579.8,0.010279806543831205
2013-07-16,2013-07-16,2601.0,0.00821769129389871
2013-07-17,2013-07-17,2575.65,-0.009746251441753118
2013-07-18,2013-07-18,2544.75,-0.011996971638227327
2013-07-19,2013-07-19,2527.1,-0.006935848315158699
2013-07-22,2013-07-22,2494.5,-0.012900162241304192
2013-07-23,2013-07-23,2482.3,-0.004890759671276723
2013-07-24,2013-07-24,2449.95,-0.013032268460701935
2013-07-25,2013-07-25,2436.25,-0.005591950856139838
2013-07-26,2013-07-26,2453.85,0.0072242175474601655
2013-07-29,2013-07-29,2449.65,-0.001711596063328935
2013-07-30,2013-07-30,2374.8,-0.030555385463229445
2013-07-31,2013-07-31,2368.15,-0.0028002358093313084
2013-08-01,2013-08-01,2348.55,-0.00827650275531533
2013-08-02,2013-08-02,2282.85,-0.02797470779842892
2013-08-05,2013-08-05,2261.5,-0.00935234465689816
2013-08-06,2013-08-06,2320.45,0.026066769843024362
2013-08-07,2013-08-07,2402.25,0.03525178305932042
2013-08-08,2013-08-08,2331.85,-0.029305859090436037
2013-08-12,2013-08-12,2285.15,-0.020027017175204165
2013-08-13,2013-08-13,2277.8,-0.003216419053453823
2013-08-14,2013-08-14,2291.75,0.006124330494336583
2013-08-16,2013-08-16,2265.0,-0.01167230282535181
2013-08-19,2013-08-19,2249.05,-0.007041942604856466
2013-08-20,2013-08-20,2237.65,-0.005068806829550243
2013-08-21,2013-08-21,2246.65,0.004022076732286051
2013-08-22,2013-08-22,2274.8,0.012529766541294896
2013-08-23,2013-08-23,2289.2,0.006330226833128005
2013-08-26,2013-08-26,2311.5,0.009741394373580459
2013-08-27,2013-08-27,2256.65,-0.023729180186026322
2013-08-28,2013-08-28,2263.25,0.002924689251766921
2013-08-29,2013-08-29,2293.45,0.013343642991273441
2013-08-30,2013-08-30,2350.9,0.025049597767555554
2013-09-02,2013-09-02,2349.85,-0.00044663745799489174
2013-09-03,2013-09-03,2290.4,-0.0252994872013107
2013-09-04,2013-09-04,2268.8,-0.009430667132378612
2013-09-05,2013-09-05,2253.85,-0.006589386459802671
2013-09-06,2013-09-06,2258.8,0.0021962419859353766
2013-09-10,2013-09-10,2322.5,0.028200814591818668
2013-09-11,2013-09-11,2415.1,0.039870828848223905
2013-09-12,2013-09-12,2402.4,-0.005258581425199749
2013-09-13,2013-09-13,2358.8,-0.018148518148518145
2013-09-16,2013-09-16,2352.9,-0.002501271833135532
2013-09-17,2013-09-17,2350.15,-0.001168770453482959
2013-09-18,2013-09-18,2349.45,-0.0002978533285110663
2013-09-19,2013-09-19,2350.15,0.0002979420715487624
2013-09-20,2013-09-20,2465.6,0.0491245239665552
2013-09-23,2013-09-23,2393.35,-0.0293032121998702
2013-09-24,2013-09-24,2402.3,0.003739528276265558
2013-09-25,2013-09-25,2430.05,0.011551429879698594
2013-09-26,2013-09-26,2432.2,0.0008847554577064987
2013-09-27,2013-09-27,2438.0,0.002384672313132219
2013-09-30,2013-09-30,2468.05,0.01232567678424945
2013-10-01,2013-10-01,2475.1,0.002856506148578797
2013-10-03,2013-10-03,2473.3,-0.0007272433437032211
2013-10-04,2013-10-04,2475.0,0.0006873407997411984
2013-10-07,2013-10-07,2493.95,0.007656565656565473
2013-10-08,2013-10-08,2480.75,-0.005292808596804144
2013-10-09,2013-10-09,2486.25,0.0022170714501663635
2013-10-10,2013-10-10,2489.85,0.001447963800904839
2013-10-11,2013-10-11,2480.2,-0.0038757354860734505
2013-10-14,2013-10-14,2479.45,-0.0003023949681477678
2013-10-15,2013-10-15,2478.95,-0.00020165762568313816
2013-10-17,2013-10-17,2481.0,0.000826963028701666
2013-10-18,2013-10-18,2479.4,-0.0006449012494961215
2013-10-21,2013-10-21,2479.65,0.00010083084617251714
2013-10-22,2013-10-22,2480.05,0.00016131308854072657
2013-10-23,2013-10-23,2479.9,-6.048265155944588e-05
2013-10-24,2013-10-24,2419.25,-0.02445663131577891
2013-10-25,2013-10-25,2419.65,0.00016534049808836215
2013-10-28,2013-10-28,2419.45,-8.265658256367825e-05
2013-10-29,2013-10-29,2434.85,0.006365082973402991
2013-10-30,2013-10-30,2435.15,0.00012321087541344866
2013-10-31,2013-10-31,2431.35,-0.0015604788206066145
2013-11-01,2013-11-01,2481.45,0.020605836263803967
2013-11-03,2013-11-03,2461.55,-0.008019504725059745
2013-11-05,2013-11-05,2482.4,0.008470272795596312
2013-11-06,2013-11-06,2501.1,0.007533032549145835
2013-11-07,2013-11-07,2489.9,-0.004478029666946437
2013-11-08,2013-11-08,2487.8,-0.0008434073657576091
2013-11-11,2013-11-11,2474.3,-0.0054264812283946195
2013-11-12,2013-11-12,2470.05,-0.0017176575192984211
2013-11-13,2013-11-13,2410.2,-0.02423027873929695
2013-11-14,2013-11-14,2410.3,4.149033275258063e-05
2013-11-18,2013-11-18,2416.2,0.002447828071194369
2013-11-19,2013-11-19,2420.05,0.0015934111414619423
2013-11-20,2013-11-20,2414.0,-0.0024999483481746854
2013-11-21,2013-11-21,2405.8,-0.00339685169842574
2013-11-22,2013-11-22,2405.95,6.234932247051184e-05
2013-11-25,2013-11-25,2405.5,-0.00018703630582506126
2013-11-26,2013-11-26,2396.35,-0.0038037829972978887
2013-11-27,2013-11-27,2390.05,-0.0026289982681994006
2013-11-28,2013-11-28,2389.95,-4.1840128867765e-05
2013-11-29,2013-11-29,2495.7,0.04424778761061954
2013-12-02,2013-12-02,2523.25,0.011038987057739424
2013-12-03,2013-12-03,2594.35,0.02817794511047267
2013-12-04,2013-12-04,2572.4,-0.00846069342995348
2013-12-05,2013-12-05,2557.75,-0.005695070751049691
2013-12-06,2013-12-06,2522.6,-0.013742547160590424
2013-12-09,2013-12-09,2510.8,-0.00467771347022905
2013-12-10,2013-12-10,2489.2,-0.008602835749561999
2013-12-11,2013-12-11,2469.65,-0.007853928973163948
2013-12-12,2013-12-12,2432.15,-0.015184337861640307
2013-12-13,2013-12-13,2460.15,0.011512447834220785
2013-12-16,2013-12-16,2925.6,0.18919578074507637
2013-12-17,2013-12-17,2949.55,0.008186354935739715
2013-12-18,2013-12-18,2943.15,-0.002169822515298958
2013-12-19,2013-12-19,2937.25,-0.0020046548765778605
2013-12-20,2013-12-20,2930.75,-0.002212954293982494
2013-12-23,2013-12-23,2936.6,0.0019960760897381746
2013-12-24,2013-12-24,2951.95,0.0052271334196007935
2013-12-26,2013-12-26,2954.6,0.000897711682108504
2013-12-27,2013-12-27,2958.1,0.0011845935151966192
2013-12-30,2013-12-30,2975.25,0.005797640377269264
2013-12-31,2013-12-31,2998.3,0.007747248130409279
2014-01-01,2014-01-01,2990.45,-0.002618150285161658
2014-01-02,2014-01-02,2986.05,-0.0014713504656488352
2014-01-03,2014-01-03,2986.15,3.348905745048647e-05
2014-01-06,2014-01-06,2985.05,-0.0003683672956816819
2014-01-07,2014-01-07,2979.05,-0.0020100165826367755
2014-01-08,2014-01-08,2974.2,-0.0016280357832195724
2014-01-09,2014-01-09,2961.85,-0.0041523771098109785
2014-01-10,2014-01-10,2965.15,0.001114168509546376
2014-01-13,2014-01-13,2984.7,0.00659325835117941
2014-01-14,2014-01-14,2978.15,-0.0021945254129391856
2014-01-15,2014-01-15,2978.05,-3.357789231561714e-05
2014-01-16,2014-01-16,2971.3,-0.002266583838417713
2014-01-17,2014-01-17,2977.25,0.002002490492376996
2014-01-20,2014-01-20,2977.9,0.00021832227726936715
2014-01-21,2014-01-21,2977.85,-1.6790355619744624e-05
2014-01-22,2014-01-22,2974.7,-0.00105781016505202
2014-01-23,2014-01-23,2978.3,0.0012102060712004814
2014-01-24,2014-01-24,2983.05,0.0015948695564584892
2014-01-27,2014-01-27,2977.4,-0.0018940346289871846
2014-01-28,2014-01-28,2978.7,0.000436622556592825
2014-01-29,2014-01-29,2973.65,-0.001695370463625001
2014-01-30,2014-01-30,2978.35,0.0015805491567602026
2014-01-31,2014-01-31,2984.1,0.001930599157251578
2014-02-03,2014-02-03,2986.35,0.0007539961797526917
2014-02-04,2014-02-04,2984.85,-0.0005022853985634512
2014-02-05,2014-02-05,2982.6,-0.0007538067239559743
2014-02-06,2014-02-06,2969.9,-0.004258029906792693
2014-02-07,2014-02-07,2972.0,0.0007070945149667551
2014-02-10,2014-02-10,2981.9,0.0033310901749663557
2014-02-11,2014-02-11,2982.85,0.000318588819209209
2014-02-12,2014-02-12,2983.0,5.028747674207246e-05
2014-02-13,2014-02-13,3003.7,0.006939322829366379
2014-02-14,2014-02-14,3008.65,0.0016479675067417876
2014-02-17,2014-02-17,3013.4,0.001578781180928246
2014-02-18,2014-02-18,3017.6,0.0013937744740160074
2014-02-19,2014-02-19,3009.25,-0.0027670996818663918
2014-02-20,2014-02-20,3017.45,0.0027249314613275732
2014-02-21,2014-02-21,3028.05,0.0035128999652025428
2014-02-24,2014-02-24,3030.9,0.0009411997820378826
2014-02-25,2014-02-25,3036.5,0.0018476360157049232
2014-02-26,2014-02-26,3045.75,0.00304627037707883
2014-02-28,2014-02-28,3045.15,-0.0001969958138389183
2014-03-03,2014-03-03,3053.05,0.0025942892796742
2014-03-04,2014-03-04,2966.45,-0.028365077545405515
2014-03-05,2014-03-05,2744.8,-0.07471894014731406
2014-03-06,2014-03-06,2676.45,-0.024901632177207977
2014-03-07,2014-03-07,2648.35,-0.01049898186029996
2014-03-10,2014-03-10,2508.8,-0.052693186323559904
2014-03-11,2014-03-11,2441.9,-0.026666135204081676
2014-03-12,2014-03-12,2477.75,0.014681190875957206
2014-03-13,2014-03-13,2533.75,0.02260115023711018
2014-03-14,2014-03-14,2605.75,0.028416378885051774
2014-03-18,2014-03-18,2651.9,0.017710831814256922
2014-03-19,2014-03-19,2650.5,-0.0005279233756929624
2014-03-20,2014-03-20,2637.5,-0.004904734955668788
2014-03-21,2014-03-21,2568.9,-0.026009478672985753
2014-03-22,2014-03-22,2596.4,0.010704970999260377
2014-03-24,2014-03-24,2552.9,-0.016753967031274075
2014-03-25,2014-03-25,2550.15,-0.0010772063143875688
2014-03-26,2014-03-26,2550.15,0.0
2014-03-27,2014-03-27,2573.0,0.00896025723977023
2014-03-28,2014-03-28,2588.75,0.006121259230470244
2014-03-31,2014-03-31,2573.2,-0.006006760019314439
2014-04-01,2014-04-01,2580.9,0.0029923830250273564
2014-04-02,2014-04-02,2589.95,0.0035065287302877834
2014-04-03,2014-04-03,2571.1,-0.007278132782486124
2014-04-04,2014-04-04,2562.85,-0.0032087433394266673
2014-04-07,2014-04-07,2548.55,-0.005579725696002402
2014-04-09,2014-04-09,2545.25,-0.0012948539365522649
2014-04-10,2014-04-10,2534.95,-0.004046753756998367
2014-04-11,2014-04-11,2536.4,0.000572003392572018
2014-04-15,2014-04-15,2500.95,-0.013976502129001811
2014-04-16,2014-04-16,2503.85,0.0011595593674404991
2014-04-17,2014-04-17,2491.55,-0.004912434850330327
2014-04-21,2014-04-21,2489.25,-0.0009231201460938587
2014-04-22,2014-04-22,2482.35,-0.0027719192527869696
2014-04-23,2014-04-23,2457.1,-0.010171812999778429
2014-04-25,2014-04-25,2442.0,-0.006145456025395735
2014-04-28,2014-04-28,2419.0,-0.009418509418509413
2014-04-29,2014-04-29,2430.45,0.004733360892930971
2014-04-30,2014-04-30,2466.3,0.014750354872554716
2014-05-02,2014-05-02,2449.4,-0.006852369946883985
2014-05-05,2014-05-05,2420.65,-0.01173756838409401
2014-05-06,2014-05-06,2380.55,-0.016565798442567004
2014-05-07,2014-05-07,2376.45,-0.0017222910671904623
2014-05-08,2014-05-08,2402.95,0.011151086704959123
2014-05-09,2014-05-09,2386.95,-0.006658482282194789
2014-05-12,2014-05-12,2383.2,-0.001571042543832113
2014-05-13,2014-05-13,2435.55,0.02196626384692868
2014-05-14,2014-05-14,2437.75,0.0009032867319496152
2014-05-15,2014-05-15,2459.45,0.008901651112706244
2014-05-16,2014-05-16,2501.25,0.016995669763565147
2014-05-19,2014-05-19,2504.05,0.0011194402798602177
2014-05-20,2014-05-20,2525.0,0.008366446356901758
2014-05-21,2014-05-21,2549.55,0.009722772277227731
2014-05-22,2014-05-22,2556.2,0.002608303426094638
2014-05-23,2014-05-23,2516.1,-0.015687348407792734
2014-05-26,2014-05-26,2484.45,-0.012578991296053443
2014-05-27,2014-05-27,2453.0,-0.012658737346293858
2014-05-28,2014-05-28,2428.6,-0.009947003668976828
2014-05-29,2014-05-29,2453.25,0.010149880589640059
2014-05-30,2014-05-30,2434.75,-0.0075410170182410585
2014-06-02,2014-06-02,2461.65,0.011048362254851618
2014-06-03,2014-06-03,2449.4,-0.004976337009729215
2014-06-04,2014-06-04,2446.25,-0.0012860292316485555
2014-06-05,2014-06-05,2456.3,0.004108329075114936
2014-06-06,2014-06-06,2490.8,0.014045515612913784
2014-06-09,2014-06-09,2475.35,-0.006202826401156325
2014-06-10,2014-06-10,2494.85,0.007877673864302048
2014-06-11,2014-06-11,2481.35,-0.005411146962743252
2014-06-12,2014-06-12,2514.7,0.013440264372216681
2014-06-13,2014-06-13,2488.25,-0.010518153258837981
2014-06-16,2014-06-16,2478.55,-0.0038983221139353708
2014-06-17,2014-06-17,2477.85,-0.00028242319097870894
2014-06-18,2014-06-18,2477.05,-0.00032286054442343115
2014-06-19,2014-06-19,2462.55,-0.005853737308491924
2014-06-20,2014-06-20,2477.9,0.006233375972061417
2014-06-23,2014-06-23,2485.3,0.0029863997740022796
2014-06-24,2014-06-24,2486.75,0.0005834305717618005
2014-06-25,2014-06-25,2473.75,-0.005227706846285263
2014-06-26,2014-06-26,2463.9,-0.00398180899444156
2014-06-27,2014-06-27,2490.7,0.010877064815942195
2014-06-30,2014-06-30,2501.6,0.004376279760709867
2014-07-01,2014-07-01,2499.7,-0.0007595139110969651
2014-07-02,2014-07-02,2533.45,0.013501620194423358
2014-07-03,2014-07-03,2551.95,0.007302295289032701
2014-07-04,2014-07-04,2549.1,-0.0011167930406159599
2014-07-07,2014-07-07,2551.45,0.0009218940018045352
2014-07-08,2014-07-08,2508.55,-0.016813968527699785
2014-07-09,2014-07-09,2508.5,-1.9931833130759635e-05
2014-07-10,2014-07-10,2481.5,-0.010763404424955159
2014-07-11,2014-07-11,2500.4,0.00761636107193242
2014-07-14,2014-07-14,2488.2,-0.004879219324908091
2014-07-15,2014-07-15,2506.7,0.0074350936419902425
2014-07-16,2014-07-16,2499.95,-0.0026927833406470425
2014-07-17,2014-07-17,2505.25,0.0021200424008480656
2014-07-18,2014-07-18,2491.25,-0.0055882646442471096
2014-07-21,2014-07-21,2487.65,-0.0014450577019567978
2014-07-22,2014-07-22,2472.75,-0.005989588567523629
2014-07-23,2014-07-23,2487.2,0.005843696289556055
2014-07-24,2014-07-24,2482.25,-0.0019901897716306793
2014-07-25,2014-07-25,2482.3,2.014301540942398e-05
2014-07-28,2014-07-28,2491.45,0.0036860975708010724
2014-07-30,2014-07-30,2492.75,0.0005217845030003332
2014-07-31,2014-07-31,2495.55,0.0011232574465951384
2014-08-01,2014-08-01,2482.7,-0.005149165514616194
2014-08-04,2014-08-04,2480.9,-0.0007250171184596255
2014-08-05,2014-08-05,2488.95,0.0032447901971057735
2014-08-06,2014-08-06,2491.85,0.0011651499628357875
2014-08-07,2014-08-07,2506.1,0.005718642775447869
2014-08-08,2014-08-08,2500.6,-0.002194645066038836
2014-08-11,2014-08-11,2497.4,-0.0012796928737102142
2014-08-12,2014-08-12,2518.7,0.008528870024825608
2014-08-13,2014-08-13,2494.25,-0.009707388732282496
2014-08-14,2014-08-14,2491.75,-0.001002305302195028
2014-08-18,2014-08-18,2489.3,-0.0009832447075347472
2014-08-19,2014-08-19,2492.05,0.0011047282368537026
2014-08-20,2014-08-20,2505.15,0.005256716358018387
2014-08-21,2014-08-21,2501.7,-0.0013771630441291594
2014-08-22,2014-08-22,2488.65,-0.005216452812087713
2014-08-25,2014-08-25,2479.95,-0.003495871255500105
2014-08-26,2014-08-26,2481.0,0.0004233956329764421
2014-08-27,2014-08-27,2497.4,0.006610237807335828
2014-08-28,2014-08-28,2488.65,-0.0035036437895411554
2014-09-01,2014-09-01,2493.95,0.002129668695879161
2014-09-02,2014-09-02,2499.95,0.0024058220894564997
2014-09-03,2014-09-03,2494.2,-0.002300046000920042
2014-09-04,2014-09-04,2488.65,-0.002225162376713885
2014-09-05,2014-09-05,2503.2,0.00584654330661194
2014-09-08,2014-09-08,2537.65,0.01376238414829034
2014-09-09,2014-09-09,2521.8,-0.006245936200815705
2014-09-10,2014-09-10,2509.0,-0.0050757395511144
2014-09-11,2014-09-11,2512.25,0.0012953367875647714
2014-09-12,2014-09-12,2504.6,-0.0030450791123495247
2014-09-15,2014-09-15,2524.65,0.008005270302643197
2014-09-16,2014-09-16,2497.1,-0.010912403699522732
2014-09-17,2014-09-17,2504.1,0.002803251772055537
2014-09-18,2014-09-18,2510.3,0.0024759394592868134
2014-09-19,2014-09-19,2500.85,-0.003764490299964285
2014-09-22,2014-09-22,2510.75,0.003958654057620414
2014-09-23,2014-09-23,2539.9,0.01161007667031777
2014-09-24,2014-09-24,2665.1,0.04929327926296301
2014-09-25,2014-09-25,2685.5,0.007654497016997608
2014-09-26,2014-09-26,2705.3,0.007372928691119052
2014-09-29,2014-09-29,2764.05,0.021716630318264096
2014-09-30,2014-09-30,2826.75,0.02268410484614969
2014-10-01,2014-10-01,2803.1,-0.008366498629167829
2014-10-07,2014-10-07,2886.9,0.02989547286932326
2014-10-08,2014-10-08,2807.6,-0.027468911288925923
2014-10-09,2014-10-09,2775.85,-0.011308590967374244
2014-10-10,2014-10-10,2718.8,-0.020552263270709803
2014-10-13,2014-10-13,2739.9,0.007760776813299897
2014-10-14,2014-10-14,2744.3,0.001605898025475394
2014-10-16,2014-10-16,2687.85,-0.02056990853769647
2014-10-17,2014-10-17,2702.25,0.005357441821530307
2014-10-20,2014-10-20,2707.2,0.0018318068276435007
2014-10-21,2014-10-21,2716.45,0.003416814420803771
2014-10-22,2014-10-22,2709.55,-0.0025400798836715532
2014-10-23,2014-10-23,2704.1,-0.002011404107693293
2014-10-27,2014-10-27,2700.15,-0.0014607447949409602
2014-10-28,2014-10-28,2701.45,0.00048145473399618943
2014-10-29,2014-10-29,2679.5,-0.008125266060819092
2014-10-30,2014-10-30,2705.8,0.009815264041798999
2014-10-31,2014-10-31,2720.0,0.005247985808263689
2014-11-03,2014-11-03,2732.8,0.004705882352941337
2014-11-05,2014-11-05,2760.25,0.010044642857142794
2014-11-07,2014-11-07,2790.85,0.011085952359387807
2014-11-10,2014-11-10,2799.55,0.0031173298457460863
2014-11-11,2014-11-11,2766.05,-0.011966208854994553
2014-11-12,2014-11-12,2843.5,0.028000216915818443
2014-11-13,2014-11-13,2840.35,-0.0011077896957975009
2014-11-14,2014-11-14,2849.25,0.0031334166563981025
2014-11-17,2014-11-17,2853.1,0.0013512327805562663
2014-11-18,2014-11-18,2849.75,-0.001174161438435406
2014-11-19,2014-11-19,2899.4,0.017422580928151632
2014-11-20,2014-11-20,2926.3,0.009277781609988267
2014-11-21,2014-11-21,2944.3,0.006151112326145736
2014-11-24,2014-11-24,2939.8,-0.0015283768637707196
2014-11-25,2014-11-25,2873.15,-0.022671610313626855
2014-11-26,2014-11-26,2907.75,0.012042531716060845
2014-11-27,2014-11-27,2933.7,0.008924426102656646
2014-11-28,2014-11-28,2933.8,3.408664825998997e-05
2014-12-01,2014-12-01,2972.8,0.013293339695957362
2014-12-02,2014-12-02,3172.1,0.06704117330462855
2014-12-03,2014-12-03,3210.5,0.01210554522240792
2014-12-04,2014-12-04,3190.1,-0.006354150443856121
2014-12-05,2014-12-05,3193.95,0.0012068587191624847
2014-12-08,2014-12-08,3213.7,0.00618356580409829
2014-12-09,2014-12-09,3159.2,-0.016958645797678695
2014-12-10,2014-12-10,3146.0,-0.00417827298050133
2014-12-11,2014-12-11,3091.05,-0.017466624284806054
2014-12-12,2014-12-12,3108.85,0.005758561006777629
2014-12-15,2014-12-15,3062.5,-0.014909049970246224
2014-12-16,2014-12-16,2941.5,-0.03951020408163264
2014-12-17,2014-12-17,2876.1,-0.02223355430902607
2014-12-18,2014-12-18,2980.15,0.036177462536073124
2014-12-19,2014-12-19,2986.25,0.002046876835058553
2014-12-22,2014-12-22,2984.95,-0.00043532858936801144
2014-12-23,2014-12-23,3075.05,0.03018476021373906
2014-12-24,2014-12-24,3120.85,0.014894066763141867
2014-12-26,2014-12-26,3117.85,-0.0009612765752919916
2014-12-29,2014-12-29,3156.8,0.012492583029972693
2014-12-30,2014-12-30,3187.3,0.009661682716675113
2014-12-31,2014-12-31,3198.45,0.003498258714272229
2015-01-01,2015-01-01,3169.9,-0.008926198627460136
2015-01-02,2015-01-02,3131.9,-0.011987759866241787
2015-01-05,2015-01-05,3136.15,0.0013570037357515385
2015-01-06,2015-01-06,3151.1,0.004766991374774765
2015-01-07,2015-01-07,3180.1,0.009203135413030417
2015-01-08,2015-01-08,3207.5,0.00861608125530644
2015-01-09,2015-01-09,3192.65,-0.004629773967264161
2015-01-12,2015-01-12,3192.8,4.698291388027798e-05
2015-01-13,2015-01-13,3183.95,-0.002771861688799948
2015-01-14,2015-01-14,3193.1,0.002873788847186809
2015-01-15,2015-01-15,3175.15,-0.005621496351507882
2015-01-16,2015-01-16,3205.1,0.009432625230304081
2015-01-19,2015-01-19,3173.8,-0.009765685938036173
2015-01-20,2015-01-20,3168.95,-0.0015281366185646572
2015-01-21,2015-01-21,3159.05,-0.003124063175499625
2015-01-22,2015-01-22,3154.0,-0.0015985818521391248
2015-01-23,2015-01-23,3343.05,0.05993975903614457
2015-01-27,2015-01-27,3445.5,0.030645667878135274
2015-01-28,2015-01-28,3389.7,-0.01619503700478886
2015-01-29,2015-01-29,3444.55,0.016181372982859932
2015-01-30,2015-01-30,3390.2,-0.015778548721894103
2015-02-02,2015-02-02,3383.2,-0.0020647749395316106
2015-02-03,2015-02-03,3337.4,-0.01353747930952931
2015-02-04,2015-02-04,3349.45,0.003610595074009737
2015-02-05,2015-02-05,3301.55,-0.01430085536431347
2015-02-06,2015-02-06,3295.95,-0.001696173009647084
2015-02-09,2015-02-09,3287.95,-0.002427221286730674
2015-02-10,2015-02-10,3322.55,0.010523274380693337
2015-02-11,2015-02-11,3295.55,-0.008126288543437998
2015-02-12,2015-02-12,3253.4,-0.012789974359363465
2015-02-13,2015-02-13,3266.4,0.003995819757791841
2015-02-16,2015-02-16,3247.6,-0.0057555718834191305
2015-02-18,2015-02-18,3245.05,-0.0007851952210862212
2015-02-19,2015-02-19,3221.3,-0.007318839463182347
2015-02-20,2015-02-20,3184.8,-0.011330829168348155
2015-02-23,2015-02-23,3131.05,-0.016877040944486277
2015-02-24,2015-02-24,3119.6,-0.00365692020248809
2015-02-25,2015-02-25,3105.1,-0.004648031798948571
2015-02-26,2015-02-26,3098.9,-0.0019967150816397883
2015-02-27,2015-02-27,3099.95,0.0003388299073863177
2015-02-28,2015-02-28,3109.25,0.0030000483878773743
2015-03-02,2015-03-02,3090.4,-0.006062555278604109
2015-03-03,2015-03-03,3110.9,0.0066334455086720645
2015-03-04,2015-03-04,3139.6,0.009225626024623068
2015-03-05,2015-03-05,3273.25,0.0425691170849789
2015-03-09,2015-03-09,3314.9,0.012724356526388148
2015-03-10,2015-03-10,3343.9,0.008748378533289136
2015-03-11,2015-03-11,3359.35,0.004620353479469985
2015-03-12,2015-03-12,3302.05,-0.017056871120901262
2015-03-13,2015-03-13,3304.75,0.0008176738692629026
2015-03-16,2015-03-16,3286.4,-0.005552613662152983
2015-03-17,2015-03-17,3261.6,-0.0075462512171373675
2015-03-18,2015-03-18,3278.1,0.005058866813833607
2015-03-19,2015-03-19,3264.15,-0.004255513864738658
2015-03-20,2015-03-20,3255.05,-0.0027878620774167695
2015-03-23,2015-03-23,3283.15,0.008632739896468511
2015-03-24,2015-03-24,3252.75,-0.009259400271081186
2015-03-25,2015-03-25,3283.85,0.009561140573360882
2015-03-26,2015-03-26,3262.75,-0.006425384837918879
2015-03-27,2015-03-27,3274.15,0.0034939851352386864
2015-03-30,2015-03-30,3285.2,0.0033749217354122063
2015-03-31,2015-03-31,3425.65,0.04275234384512361
2015-04-01,2015-04-01,3353.25,-0.02113467517113543
2015-04-06,2015-04-06,3360.1,0.002042794304033313
2015-04-07,2015-04-07,3358.9,-0.0003571322282074352
2015-04-08,2015-04-08,3359.5,0.00017862990860106898
2015-04-09,2015-04-09,3340.85,-0.005551421342461671
2015-04-10,2015-04-10,3314.3,-0.007947079336097063
2015-04-13,2015-04-13,3349.75,0.010696074585885285
2015-04-15,2015-04-15,3342.95,-0.0020300022389730943
2015-04-16,2015-04-16,3312.75,-0.009033937091491029
2015-04-17,2015-04-17,3273.45,-0.011863255603350775
2015-04-20,2015-04-20,3198.4,-0.022926881424796375
2015-04-21,2015-04-21,3190.5,-0.002469984992496288
2015-04-22,2015-04-22,3199.85,0.0029305751449615336
2015-04-23,2015-04-23,3197.2,-0.0008281638201791397
2015-04-24,2015-04-24,3062.65,-0.04208369823595637
2015-04-27,2015-04-27,2996.05,-0.02174587367149361
2015-04-28,2015-04-28,3038.85,0.014285475876570697
2015-04-29,2015-04-29,3140.05,0.03330207150731379
2015-04-30,2015-04-30,3183.4,0.013805512651072327
2015-05-04,2015-05-04,3175.25,-0.0025601558082553044
2015-05-05,2015-05-05,3235.5,0.018974883867411974
2015-05-06,2015-05-06,3198.1,-0.011559264410446635
2015-05-07,2015-05-07,3173.25,-0.007770238579156374
2015-05-08,2015-05-08,3185.5,0.003860395493579194
2015-05-11,2015-05-11,3187.45,0.0006121487992465369
2015-05-12,2015-05-12,3193.0,0.001741203783588885
2015-05-13,2015-05-13,3195.4,0.000751644221735015
2015-05-14,2015-05-14,3225.4,0.009388495962946664
2015-05-15,2015-05-15,3240.2,0.004588578160848122
2015-05-18,2015-05-18,3279.45,0.01211344978705009
2015-05-19,2015-05-19,3251.4,-0.00855326350455099
2015-05-20,2015-05-20,3209.5,-0.012886756474134287
2015-05-21,2015-05-21,3210.75,0.0003894687646051054
2015-05-22,2015-05-22,3192.15,-0.005793039009577172
2015-05-25,2015-05-25,3197.75,0.0017543035258367201
2015-05-26,2015-05-26,3191.5,-0.0019544992572902986
2015-05-27,2015-05-27,3167.6,-0.0074886417045276765
2015-05-28,2015-05-28,3200.85,0.010496906175022191
2015-05-29,2015-05-29,3228.1,0.008513363637783655
2015-06-01,2015-06-01,3247.25,0.005932282147393275
2015-06-02,2015-06-02,3297.75,0.015551620602047844
2015-06-03,2015-06-03,3218.6,-0.024001212948222328
2015-06-04,2015-06-04,3183.9,-0.010781084943764285
2015-06-05,2015-06-05,3199.1,0.004774019284525144
2015-06-08,2015-06-08,3180.4,-0.005845394017067296
2015-06-09,2015-06-09,3194.45,0.0044176833102753665
2015-06-10,2015-06-10,3224.0,0.009250418694924045
2015-06-11,2015-06-11,3209.0,-0.004652605459057102
2015-06-12,2015-06-12,3233.35,0.007588033655344217
2015-06-15,2015-06-15,3258.6,0.007809238096710747
2015-06-16,2015-06-16,3279.25,0.006337077272448255
2015-06-17,2015-06-17,3325.4,0.014073339940535279
2015-06-18,2015-06-18,3313.55,-0.0035634810849822784
2015-06-19,2015-06-19,3296.9,-0.005024822320472078
2015-06-22,2015-06-22,3277.3,-0.005944978616275853
2015-06-23,2015-06-23,3269.55,-0.002364751472248461
2015-06-24,2015-06-24,3261.15,-0.0025691608937009613
2015-06-25,2015-06-25,3263.4,0.0006899406651028617
2015-06-26,2015-06-26,3287.6,0.007415578844150117
2015-06-29,2015-06-29,3287.1,-0.00015208662854360178
2015-06-30,2015-06-30,3348.1,0.018557391013355184
2015-07-01,2015-07-01,3323.45,-0.0073623846360623135
2015-07-02,2015-07-02,3352.0,0.008590470745761136
2015-07-03,2015-07-03,3347.4,-0.0013723150357994873
2015-07-06,2015-07-06,3353.55,0.0018372468184262303
2015-07-07,2015-07-07,3406.35,0.01574450954958162
2015-07-08,2015-07-08,3460.95,0.016028887225329136
2015-07-09,2015-07-09,3417.0,-0.012698825466995967
2015-07-10,2015-07-10,3403.65,-0.003906935908691844
2015-07-13,2015-07-13,3410.25,0.0019390947952933058
2015-07-14,2015-07-14,3417.15,0.002023312073894834
2015-07-15,2015-07-15,3423.95,0.0019899623955634826
2015-07-16,2015-07-16,3420.9,-0.0008907840359817509
2015-07-17,2015-07-17,3418.7,-0.0006431056154814208
2015-07-20,2015-07-20,3395.75,-0.006713078070611611
2015-07-21,2015-07-21,3378.9,-0.004962084959140078
2015-07-22,2015-07-22,3436.9,0.017165349670011043
2015-07-23,2015-07-23,3403.0,-0.009863539817859146
2015-07-24,2015-07-24,3388.6,-0.004231560387893074
2015-07-27,2015-07-27,3382.3,-0.0018591748804814845
2015-07-28,2015-07-28,3392.35,0.002971350855926369
2015-07-29,2015-07-29,3445.05,0.015534953645703009
2015-07-30,2015-07-30,3531.75,0.025166543301258226
2015-07-31,2015-07-31,3522.3,-0.0026757273306433627
2015-08-03,2015-08-03,3592.5,0.01993015927093089
2015-08-04,2015-08-04,3694.9,0.02850382741823254
2015-08-05,2015-08-05,3754.05,0.01600855232888576
2015-08-06,2015-08-06,3730.55,-0.006259905968221013
2015-08-07,2015-08-07,3669.85,-0.016271059227191742
2015-08-10,2015-08-10,3616.9,-0.014428382631442638
2015-08-11,2015-08-11,3612.4,-0.0012441593629903824
2015-08-12,2015-08-12,3626.9,0.0040139519433064486
2015-08-13,2015-08-13,3602.75,-0.0066585789517218386
2015-08-14,2015-08-14,3679.7,0.02135868433835264
2015-08-17,2015-08-17,3652.1,-0.007500611462890938
2015-08-18,2015-08-18,3664.6,0.0034226883163110955
2015-08-19,2015-08-19,3620.15,-0.012129563936036591
2015-08-20,2015-08-20,3604.15,-0.00441970636575828
2015-08-21,2015-08-21,3587.95,-0.0044948184731490315
2015-08-24,2015-08-24,3409.1,-0.04984740590030512
2015-08-25,2015-08-25,3382.25,-0.007875978997389343
2015-08-26,2015-08-26,3377.5,-0.0014043905684085756
2015-08-27,2015-08-27,3370.8,-0.0019837157660991256
2015-08-28,2015-08-28,3393.45,0.006719473122107411
2015-08-31,2015-08-31,3397.25,0.001119804328927776
2015-09-01,2015-09-01,3379.5,-0.005224814187946181
2015-09-02,2015-09-02,3366.25,-0.003920698328155003
2015-09-03,2015-09-03,3389.2,0.006817675454882988
2015-09-04,2015-09-04,3368.6,-0.0060781305322790136
2015-09-07,2015-09-07,3345.05,-0.006991034851273392
2015-09-08,2015-09-08,3323.1,-0.006561934799180991
2015-09-09,2015-09-09,3319.85,-0.0009780024675755117
2015-09-10,2015-09-10,3350.9,0.009352832206274364
2015-09-11,2015-09-11,3333.75,-0.0051180279924796235
2015-09-14,2015-09-14,3327.0,-0.0020247469066366763
2015-09-15,2015-09-15,3325.5,-0.00045085662759247747
2015-09-16,2015-09-16,3321.55,-0.0011877913095774684
2015-09-18,2015-09-18,3349.3,0.008354533275127585
2015-09-21,2015-09-21,3348.5,-0.00023885588033323302
2015-09-22,2015-09-22,3347.65,-0.00025384500522618314
2015-09-23,2015-09-23,3346.8,-0.0002539094588741575
2015-09-24,2015-09-24,3371.55,0.007395123700250972
2015-09-28,2015-09-28,3317.4,-0.01606086221470837
2015-09-29,2015-09-29,3325.75,0.002517031410140369
2015-09-30,2015-09-30,3359.55,0.01016312110050377
2015-10-01,2015-10-01,3363.95,0.0013096992156687026
2015-10-05,2015-10-05,3354.9,-0.0026902896892045947
2015-10-06,2015-10-06,3373.55,0.005559033056126816
2015-10-07,2015-10-07,3387.9,0.004253679358539264
2015-10-08,2015-10-08,3365.75,-0.0065379733758376135
2015-10-09,2015-10-09,3319.3,-0.013800787343088428
2015-10-12,2015-10-12,3318.45,-0.0002560780887537195
2015-10-13,2015-10-13,3307.75,-0.0032243969323026977
2015-10-14,2015-10-14,3300.15,-0.002297634343586985
2015-10-15,2015-10-15,3304.65,0.001363574382982513
2015-10-16,2015-10-16,3323.55,0.005719213835050585
2015-10-19,2015-10-19,3315.75,-0.0023468881166223143
2015-10-20,2015-10-20,3300.1,-0.0047198974590967335
2015-10-21,2015-10-21,3303.5,0.0010302718099450825
2015-10-23,2015-10-23,3321.0,0.005297411835931687
2015-10-26,2015-10-26,3298.5,-0.006775067750677488
2015-10-27,2015-10-27,3282.65,-0.00480521449143545
2015-10-28,2015-10-28,3282.2,-0.00013708436781267874
2015-10-29,2015-10-29,3276.75,-0.001660471634879035
2015-10-30,2015-10-30,3310.15,0.010193026626993174
2015-11-02,2015-11-02,3240.0,-0.021192393093968587
2015-11-03,2015-11-03,3245.8,0.0017901234567900826
2015-11-04,2015-11-04,3231.75,-0.004328670897775666
2015-11-05,2015-11-05,3209.25,-0.006962172197725658
2015-11-06,2015-11-06,3212.45,0.000997117706629247
2015-11-09,2015-11-09,3231.35,0.005883360052296505
2015-11-10,2015-11-10,3140.2,-0.028208024509879803
2015-11-11,2015-11-11,3171.75,0.010047130756002831
2015-11-13,2015-11-13,3154.25,-0.005517458816110987
2015-11-16,2015-11-16,3129.15,-0.007957517634936906
2015-11-17,2015-11-17,3129.1,-1.597878018000376e-05
2015-11-18,2015-11-18,3124.65,-0.001422134159982047
2015-11-19,2015-11-19,3151.85,0.008704974957195244
2015-11-20,2015-11-20,3198.75,0.014880149753319527
2015-11-23,2015-11-23,3232.4,0.010519734271199788
2015-11-24,2015-11-24,3255.15,0.00703811409479016
2015-11-26,2015-11-26,3284.65,0.009062562401118246
2015-11-27,2015-11-27,3278.2,-0.0019636795396770212
2015-11-30,2015-11-30,3296.25,0.005506070404490249
2015-12-01,2015-12-01,3293.5,-0.0008342813803564608
2015-12-02,2015-12-02,3305.7,0.0037042659784423115
2015-12-03,2015-12-03,3269.85,-0.010844904256284593
2015-12-04,2015-12-04,3284.8,0.004572075171644041
2015-12-07,2015-12-07,3276.8,-0.002435460301997039
2015-12-08,2015-12-08,3281.6,0.00146484375
2015-12-09,2015-12-09,3270.25,-0.003458678693320283
2015-12-10,2015-12-10,3250.45,-0.006054582982952472
2015-12-11,2015-12-11,3244.8,-0.0017382208617267025
2015-12-14,2015-12-14,3304.1,0.01827539447731752
2015-12-15,2015-12-15,3314.1,0.0030265427801821065
2015-12-16,2015-12-16,3299.4,-0.004435593373766533
2015-12-17,2015-12-17,3297.3,-0.000636479359883535
2015-12-18,2015-12-18,3275.35,-0.006656961756588808
2015-12-21,2015-12-21,3278.15,0.0008548704718580602
2015-12-22,2015-12-22,3269.95,-0.002501410856733277
2015-12-23,2015-12-23,3297.2,0.008333460756280608
2015-12-24,2015-12-24,3295.45,-0.0005307533664927755
2015-12-28,2015-12-28,3279.2,-0.004931041284194859
2015-12-29,2015-12-29,3297.05,0.0054434008294708125
2015-12-30,2015-12-30,3324.2,0.00823463399099178
2015-12-31,2015-12-31,3314.05,-0.003053366223452203
2016-01-01,2016-01-01,3294.85,-0.005793515487092948
2016-01-04,2016-01-04,3258.2,-0.01112341988254395
2016-01-05,2016-01-05,3277.8,0.006015591430851508
2016-01-06,2016-01-06,3277.05,-0.0002288120080541356
2016-01-07,2016-01-07,3233.3,-0.013350421873331242
2016-01-08,2016-01-08,3295.5,0.019237311724862982
2016-01-11,2016-01-11,3230.6,-0.019693521468669428
2016-01-12,2016-01-12,3270.05,0.012211353928063051
2016-01-13,2016-01-13,3294.1,0.007354627605082431
2016-01-14,2016-01-14,3233.1,-0.018517956346194686
2016-01-15,2016-01-15,3207.45,-0.007933562215830081
2016-01-18,2016-01-18,3162.25,-0.01409219161639308
2016-01-19,2016-01-19,3204.4,0.013329116926239282
2016-01-20,2016-01-20,3142.85,-0.019207964049432036
2016-01-21,2016-01-21,3068.75,-0.023577326312105185
2016-01-22,2016-01-22,3159.65,0.029621181262729168
2016-01-25,2016-01-25,3184.1,0.007738198851138467
2016-01-27,2016-01-27,3230.65,0.014619515718727438
2016-01-28,2016-01-28,3229.6,-0.0003250119944903096
2016-01-29,2016-01-29,3236.4,0.0021055239038891838
2016-02-01,2016-02-01,3297.2,0.018786305771845146
2016-02-02,2016-02-02,3262.2,-0.01061506732985562
2016-02-03,2016-02-03,3208.1,-0.016583900435289012
2016-02-04,2016-02-04,3226.8,0.005828995355506406
2016-02-05,2016-02-05,3306.3,0.024637411677203458
2016-02-08,2016-02-08,3296.6,-0.002933793061730694
2016-02-09,2016-02-09,3243.7,-0.016046836134198883
2016-02-10,2016-02-10,3244.7,0.00030828991583686793
2016-02-11,2016-02-11,3202.2,-0.013098283354393336
2016-02-12,2016-02-12,3222.25,0.006261320342264787
2016-02-15,2016-02-15,3215.6,-0.002063775312281857
2016-02-16,2016-02-16,3179.8,-0.01113322552556284
2016-02-17,2016-02-17,3217.15,0.011746021762375047
2016-02-18,2016-02-18,3205.2,-0.003714467774272312
2016-02-19,2016-02-19,3223.05,0.005569075252714439
2016-02-22,2016-02-22,3228.3,0.0016288918881184333
2016-02-23,2016-02-23,3227.3,-0.00030976055509090994
2016-02-24,2016-02-24,3213.8,-0.004183063241719132
2016-02-25,2016-02-25,3147.8,-0.020536436617088816
2016-02-26,2016-02-26,3146.1,-0.0005400597242519733
2016-02-29,2016-02-29,3157.4,0.0035917485140333216
2016-03-01,2016-03-01,3196.0,0.012225248622284024
2016-03-02,2016-03-02,3249.0,0.016583229036295277
2016-03-03,2016-03-03,3198.5,-0.015543244075099993
2016-03-04,2016-03-04,3251.35,0.01652337032984219
2016-03-08,2016-03-08,3204.0,-0.014563181447706297
2016-03-09,2016-03-09,3249.35,0.01415418227215981
2016-03-10,2016-03-10,3230.95,-0.005662670995737584
2016-03-11,2016-03-11,3244.85,0.004302140237391505
2016-03-14,2016-03-14,3259.9,0.004638118865278873
2016-03-15,2016-03-15,3277.5,0.005398938617748872
2016-03-16,2016-03-16,3325.05,0.014508009153318069
2016-03-17,2016-03-17,3366.4,0.0124359032195005
2016-03-18,2016-03-18,3399.6,0.009862167300380253
2016-03-21,2016-03-21,3457.5,0.017031415460642352
2016-03-22,2016-03-22,3539.0,0.023571945046999332
2016-03-23,2016-03-23,3695.7,0.0442780446453801
2016-03-28,2016-03-28,3698.05,0.0006358741239820276
2016-03-29,2016-03-29,3676.1,-0.005935560633306802
2016-03-30,2016-03-30,3772.95,0.026345855662250672
2016-03-31,2016-03-31,3814.75,0.01107886401887126
2016-04-01,2016-04-01,3811.1,-0.000956812373025806
2016-04-04,2016-04-04,3758.05,-0.013919865655584895
2016-04-05,2016-04-05,3705.6,-0.013956706270539354
2016-04-06,2016-04-06,3720.45,0.004007448186528428
2016-04-07,2016-04-07,3675.3,-0.01213562875458607
2016-04-08,2016-04-08,3683.2,0.0021494843958316245
2016-04-11,2016-04-11,3677.65,-0.0015068418766289726
2016-04-12,2016-04-12,3675.85,-0.0004894429866899586
2016-04-13,2016-04-13,3737.45,0.016758028755253784
2016-04-18,2016-04-18,3713.45,-0.006421490588502832
2016-04-20,2016-04-20,3710.5,-0.000794409511370775
2016-04-21,2016-04-21,3703.1,-0.001994340385392812
2016-04-22,2016-04-22,3666.55,-0.009870108827738866
2016-04-25,2016-04-25,3664.05,-0.0006818398767233225
2016-04-26,2016-04-26,3745.0,0.02209303912337446
2016-04-27,2016-04-27,3768.9,0.006381842456608888
2016-04-28,2016-04-28,3746.7,-0.0058903128233702695
2016-04-29,2016-04-29,3731.4,-0.004083593562334786
2016-05-02,2016-05-02,3672.55,-0.01577156027228388
2016-05-03,2016-05-03,3626.2,-0.012620658670406182
2016-05-04,2016-05-04,3627.7,0.0004136561689922491
2016-05-05,2016-05-05,3609.4,-0.005044518565482159
2016-05-06,2016-05-06,3582.25,-0.007522025821466216
2016-05-09,2016-05-09,3592.1,0.0027496685044314795
2016-05-10,2016-05-10,3533.85,-0.016216140976030746
2016-05-11,2016-05-11,3536.75,0.0008206347185082397
2016-05-12,2016-05-12,3467.65,-0.019537711175514172
2016-05-13,2016-05-13,3415.1,-0.015154355254999863
2016-05-16,2016-05-16,3435.4,0.005944189042780712
2016-05-17,2016-05-17,3417.6,-0.005181347150259086
2016-05-18,2016-05-18,3388.7,-0.008456226591760374
2016-05-19,2016-05-19,3345.2,-0.01283678106648567
2016-05-20,2016-05-20,3390.9,0.013661365538682357
2016-05-23,2016-05-23,3378.3,-0.0037158276563743486
2016-05-24,2016-05-24,3403.55,0.007474173400822792
2016-05-25,2016-05-25,3436.0,0.009534162859367479
2016-05-26,2016-05-26,3505.7,0.020285215366705467
2016-05-27,2016-05-27,3528.35,0.0064609065236616026
2016-05-30,2016-05-30,3572.25,0.012442076324627793
2016-05-31,2016-05-31,3554.45,-0.004982853943592991
2016-06-01,2016-06-01,3532.3,-0.0062316251459436645
2016-06-02,2016-06-02,3533.9,0.00045296265889072096
2016-06-03,2016-06-03,3538.6,0.0013299753813067472
2016-06-06,2016-06-06,3516.75,-0.006174758379019929
2016-06-07,2016-06-07,3524.8,0.0022890452832871055
2016-06-08,2016-06-08,3519.6,-0.0014752610077167772
2016-06-09,2016-06-09,3504.6,-0.004261847937265584
2016-06-10,2016-06-10,3496.95,-0.0021828454031843636
2016-06-13,2016-06-13,3498.55,0.0004575415719414444
2016-06-14,2016-06-14,3491.15,-0.0021151619956839562
2016-06-15,2016-06-15,3519.3,0.008063245635392402
2016-06-16,2016-06-16,3483.8,-0.010087233256613537
2016-06-17,2016-06-17,3527.45,0.01252942189563111
2016-06-20,2016-06-20,3498.85,-0.008107839941033812
2016-06-21,2016-06-21,3514.3,0.004415736599168385
2016-06-22,2016-06-22,3457.55,-0.01614830834020997
2016-06-23,2016-06-23,3416.2,-0.011959335367529134
2016-06-24,2016-06-24,3475.25,0.017285287746619193
2016-06-27,2016-06-27,3490.15,0.004287461333716935
2016-06-28,2016-06-28,3503.85,0.00392533272208917
2016-06-29,2016-06-29,3499.75,-0.0011701414158711287
2016-06-30,2016-06-30,3487.4,-0.003528823487391919
2016-07-01,2016-07-01,3468.9,-0.005304811607501292
2016-07-04,2016-07-04,3503.1,0.009859033122891825
2016-07-05,2016-07-05,3495.15,-0.0022694185150294865
2016-07-07,2016-07-07,3519.3,0.006909574696364995
2016-07-08,2016-07-08,3487.8,-0.008950643593896523
2016-07-11,2016-07-11,3519.6,0.009117495269224118
2016-07-12,2016-07-12,3512.6,-0.0019888623707239317
2016-07-13,2016-07-13,3505.4,-0.0020497637077947495
2016-07-14,2016-07-14,3522.05,0.004749814571803457
2016-07-15,2016-07-15,3458.95,-0.017915702502803832
2016-07-18,2016-07-18,3412.4,-0.013457841252403124
2016-07-19,2016-07-19,3428.45,0.004703434532880024
2016-07-20,2016-07-20,3401.1,-0.007977365865041053
2016-07-21,2016-07-21,3396.85,-0.0012495957190320484
2016-07-22,2016-07-22,3399.1,0.0006623783799697414
2016-07-25,2016-07-25,3410.1,0.0032361507457856487
2016-07-26,2016-07-26,3390.85,-0.005644995747925319
2016-07-27,2016-07-27,3366.4,-0.00721058141763864
2016-07-28,2016-07-28,3346.5,-0.005911359315589393
2016-07-29,2016-07-29,3314.95,-0.009427760346630842
2016-08-01,2016-08-01,3222.55,-0.027873723585574384
2016-08-02,2016-08-02,3198.5,-0.007463033932755159
2016-08-03,2016-08-03,3142.65,-0.017461309989057372
2016-08-04,2016-08-04,3094.25,-0.015401015066902168
2016-08-05,2016-08-05,3140.5,0.014947079259917562
2016-08-08,2016-08-08,3121.1,-0.006177360292947021
2016-08-09,2016-08-09,3108.2,-0.004133158181410468
2016-08-10,2016-08-10,3063.5,-0.014381313943761631
2016-08-11,2016-08-11,3119.8,0.018377672596703087
2016-08-12,2016-08-12,3118.85,-0.00030450669914749984
2016-08-16,2016-08-16,3050.9,-0.021786876573095748
2016-08-17,2016-08-17,3168.45,0.03852961421219958
2016-08-18,2016-08-18,3143.05,-0.008016538054884781
2016-08-19,2016-08-19,3121.6,-0.006824581218879855
2016-08-22,2016-08-22,3075.6,-0.014736032803690402
2016-08-23,2016-08-23,3081.95,0.002064637794251478
2016-08-24,2016-08-24,3051.15,-0.009993672837002476
2016-08-25,2016-08-25,3012.65,-0.012618193140291334
2016-08-26,2016-08-26,2981.7,-0.010273347385192477
2016-08-29,2016-08-29,2979.25,-0.000821678908005441
2016-08-30,2016-08-30,3010.45,0.010472434337500891
2016-08-31,2016-08-31,3033.95,0.007806141938912825
2016-09-01,2016-09-01,2985.15,-0.016084642133192606
2016-09-02,2016-09-02,2974.05,-0.0037184061102456534
2016-09-06,2016-09-06,3000.05,0.00874228745313621
2016-09-07,2016-09-07,3010.6,0.003516608056532311
2016-09-08,2016-09-08,3003.4,-0.0023915498571712712
2016-09-09,2016-09-09,3001.05,-0.000782446560564698
2016-09-12,2016-09-12,2986.35,-0.004898285600040131
2016-09-14,2016-09-14,2957.25,-0.009744336732131154
2016-09-15,2016-09-15,2968.25,0.0037196719925607358
2016-09-16,2016-09-16,2826.45,-0.047772256380021916
2016-09-19,2016-09-19,2841.5,0.005324700596154308
2016-09-20,2016-09-20,2828.8,-0.004469470350167093
2016-09-21,2016-09-21,2810.55,-0.0064514988687782715
2016-09-22,2016-09-22,2794.85,-0.005586095248261147
2016-09-23,2016-09-23,2805.25,0.003721129935416956
2016-09-26,2016-09-26,2798.35,-0.0024596738258622075
2016-09-27,2016-09-27,2822.9,0.008773026962317187
2016-09-28,2016-09-28,2839.75,0.005969038931595172
2016-09-29,2016-09-29,2807.25,-0.011444669425125453
2016-09-30,2016-09-30,2780.95,-0.009368599162881908
2016-10-03,2016-10-03,2820.1,0.014077923011920346
2016-10-04,2016-10-04,2868.35,0.01710932236445517
2016-10-05,2016-10-05,2874.6,0.002178953056635402
2016-10-06,2016-10-06,2918.9,0.015410839769011364
2016-10-07,2016-10-07,2919.6,0.00023981636918013471
2016-10-10,2016-10-10,2927.3,0.0026373475818606273
2016-10-13,2016-10-13,2937.65,0.0035356813445837076
2016-10-14,2016-10-14,2956.25,0.006331591578302431
2016-10-17,2016-10-17,2975.4,0.0064778012684989505
2016-10-18,2016-10-18,2971.1,-0.0014451838408281459
2016-10-19,2016-10-19,2977.25,0.002069940426104866
2016-10-20,2016-10-20,2980.4,0.0010580233436896513
2016-10-21,2016-10-21,2966.35,-0.004714132331230747
2016-10-24,2016-10-24,2961.8,-0.0015338715930350855
2016-10-25,2016-10-25,2952.25,-0.00322439057330004
2016-10-26,2016-10-26,2924.95,-0.009247184350918869
2016-10-27,2016-10-27,2924.85,-3.4188618608821386e-05
2016-10-28,2016-10-28,2910.1,-0.00504299365779437
2016-10-30,2016-10-30,2943.65,0.011528813442837071
2016-11-01,2016-11-01,2856.2,-0.029708015558915002
2016-11-02,2016-11-02,2820.8,-0.012394090049716255
2016-11-03,2016-11-03,2818.3,-0.0008862733976177095
2016-11-04,2016-11-04,2800.75,-0.006227158215945883
2016-11-07,2016-11-07,2786.7,-0.005016513433901748
2016-11-08,2016-11-08,2722.05,-0.023199483259769504
2016-11-09,2016-11-09,2654.55,-0.02479748718796493
2016-11-10,2016-11-10,2611.7,-0.016142095647096677
2016-11-11,2016-11-11,2643.9,0.012329134280353982
2016-11-15,2016-11-15,2658.3,0.005446499489390799
2016-11-16,2016-11-16,2669.45,0.004194409961253198
2016-11-17,2016-11-17,2695.5,0.009758564498304922
2016-11-18,2016-11-18,2711.6,0.005972917826006174
2016-11-21,2016-11-21,2689.5,-0.008150169641540028
2016-11-22,2016-11-22,2610.1,-0.0295222160252836
2016-11-23,2016-11-23,2656.3,0.017700471246312466
2016-11-24,2016-11-24,2665.0,0.003275232466212419
2016-11-25,2016-11-25,2678.5,0.005065666041275785
2016-11-28,2016-11-28,2725.75,0.01764047041254435
2016-11-29,2016-11-29,2684.3,-0.015206823809960524
2016-11-30,2016-11-30,2714.2,0.011138844391461289
2016-12-01,2016-12-01,2683.7,-0.011237196964114626
2016-12-02,2016-12-02,2721.55,0.014103662853523158
2016-12-05,2016-12-05,2773.5,0.01908838713233263
2016-12-06,2016-12-06,2770.2,-0.0011898323418064738
2016-12-07,2016-12-07,2734.65,-0.012833008447043492
2016-12-08,2016-12-08,2739.45,0.0017552520432229102
2016-12-09,2016-12-09,2738.05,-0.0005110514884373307
2016-12-12,2016-12-12,2735.75,-0.0008400138784901978
2016-12-13,2016-12-13,2735.85,3.6553047610299316e-05
2016-12-14,2016-12-14,2739.5,0.0013341374709872067
2016-12-15,2016-12-15,2741.25,0.0006388027012227404
2016-12-16,2016-12-16,2712.3,-0.010560875512995782
2016-12-19,2016-12-19,2712.95,0.00023964900637829523
2016-12-20,2016-12-20,2709.95,-0.0011058073315025618
2016-12-21,2016-12-21,2724.35,0.005313751176220904
2016-12-22,2016-12-22,2713.5,-0.003982601354451498
2016-12-23,2016-12-23,2727.0,0.004975124378109541
2016-12-26,2016-12-26,2723.5,-0.0012834616795013298
2016-12-27,2016-12-27,2701.75,-0.00798604736552233
2016-12-28,2016-12-28,2702.15,0.00014805218839653023
2016-12-29,2016-12-29,2727.9,0.009529448772273907
2016-12-30,2016-12-30,2729.8,0.0006965064701784929
