spell,event,ui,logwage,age
5,1,0,6.89568,41
13,1,1,5.28827,30
21,1,1,6.76734,36
3,1,1,5.97889,26
9,0,1,6.31536,22
11,0,1,6.85435,43
1,0,0,5.60947,24
3,1,0,6.16121,32
7,1,1,5.28827,35
5,0,1,5.28827,31
7,0,1,5.75574,26
15,0,1,6.67203,49
2,1,0,5.06259,39
3,0,1,4.95583,40
1,1,0,5.28827,20
2,1,0,5.87493,39
14,0,1,6.31536,38
1,1,0,6.16121,38
1,0,0,4.7362,20
5,0,0,5.46806,26
7,0,1,5.64897,44
5,0,1,5.15906,52
5,1,1,5.64897,30
2,0,0,4.77912,47
15,0,1,6.38519,43
15,1,0,5.28827,30
3,0,0,5.53339,25
6,0,1,6.16121,33
2,1,0,5.53339,45
1,1,0,5.62402,37
5,0,1,6.67203,47
2,1,1,5.87493,27
1,1,0,5.62402,42
7,1,0,7.36455,44
5,0,1,6.31536,31
6,0,0,5.75574,29
4,0,0,5.28827,24
6,1,1,5.55683,36
1,1,0,5.46806,39
3,1,0,6.45834,44
3,1,0,5.8522,29
2,0,0,5.97889,33
5,1,1,5.46806,35
14,0,1,6.07535,43
7,0,0,5.97889,43
5,1,1,6.13123,27
14,0,1,5.22575,28
1,1,0,5.53339,34
4,0,1,5.97889,29
14,1,1,5.36129,21
1,0,0,5.46806,22
1,0,1,5.87493,27
19,0,1,5.88332,46
5,1,1,5.75574,26
4,1,1,6.24222,27
1,1,0,5.87493,29
13,0,1,5.56452,48
1,0,0,5.06259,30
2,0,0,5.69036,40
1,0,0,5.39816,44
7,1,1,5.66296,42
1,0,0,5.46806,52
6,1,1,4.91265,23
4,0,0,5.53339,23
3,0,1,5.11199,25
7,1,1,6.78106,50
2,1,1,6.286,28
2,0,0,5.28827,30
27,0,1,5.46806,27
4,1,0,5.81711,48
5,1,0,5.53339,22
2,0,0,4.89784,21
3,0,0,6.05678,23
1,0,0,5.75574,26
4,1,1,5.51745,24
9,0,0,4.83628,38
1,0,1,5.28827,28
3,0,0,5.46806,20
14,0,1,5.62402,36
9,0,1,7.23201,30
5,0,1,4.89784,58
5,0,0,5.97889,28
5,1,1,5.75574,20
15,1,1,5.97889,47
20,0,0,5.46806,41
3,1,1,5.18178,41
4,0,1,7.31389,46
1,1,0,7.1025,54
7,0,1,5.81711,32
10,0,1,5.75574,44
10,0,1,5.75574,47
13,1,1,5.97889,34
11,0,0,5.75574,34
21,0,0,5.28827,21
9,0,1,5.32301,52
2,0,1,5.75574,25
3,1,1,5.8522,58
2,1,1,6.56667,49
1,0,1,5.66296,49
1,1,0,5.70378,25
14,1,1,6.16121,29
14,0,1,6.67203,56
7,0,1,5.06259,28
2,1,0,6.07535,37
18,0,1,5.75574,38
7,1,1,5.46806,27
11,0,1,5.83773,31
4,0,1,5.53339,51
2,0,1,5.46806,21
16,0,0,5.93754,24
4,0,0,5.28827,22
5,0,1,6.16121,24
14,1,1,5.39816,33
6,0,1,5.56068,44
7,0,0,5.46806,36
3,0,1,6.20254,37
7,0,1,5.53339,30
9,0,1,5.31321,21
15,1,1,5.71373,45
7,0,0,4.77912,36
7,0,1,5.39816,31
3,0,1,5.46806,29
2,0,1,5.69036,38
12,1,1,6.29342,37
5,0,1,5.28827,20
4,1,0,5.18178,25
13,1,1,5.64897,23
2,0,1,5.87493,21
11,0,1,5.97889,26
8,0,1,5.81711,43
24,0,1,5.79606,36
6,0,1,5.39816,25
4,0,1,5.28827,45
7,0,1,5.89715,60
7,0,1,5.97126,25
2,1,0,6.56667,44
7,0,1,6.16121,52
5,0,1,5.8522,34
5,0,1,6.24222,55
4,0,1,5.8522,33
15,0,1,5.20401,58
7,0,1,5.28827,23
5,1,0,5.75574,34
3,0,1,5.75574,21
4,0,1,5.99894,56
7,1,1,5.62402,36
3,0,0,5.54908,21
4,0,1,6.16121,32
2,0,0,5.06259,53
6,0,1,6.05209,32
11,0,1,5.06259,38
1,1,0,5.20401,23
3,0,0,5.06259,44
16,0,1,5.93754,52
15,0,1,5.75574,29
26,0,1,5.28827,29
14,0,1,6.02828,37
1,0,0,6.10925,43
5,0,1,5.87493,41
4,0,1,6.12687,40
28,0,1,5.75574,30
2,0,0,5.53339,21
7,0,1,6.44889,60
7,0,1,6.16121,26
7,1,0,5.94017,32
2,0,0,7.0775,35
13,0,1,7.32581,40
3,0,0,5.18178,26
7,1,1,5.75574,31
6,0,1,5.87493,45
1,0,1,5.59471,31
13,0,1,5.20401,42
8,0,1,5.82305,42
9,0,1,6.3081,37
4,0,0,5.46806,28
9,0,1,5.62402,36
5,0,1,6.12249,27
5,0,1,6.31536,27
7,0,1,6.51026,53
3,1,1,5.76205,25
6,0,1,5.46806,30
1,0,1,5.46806,29
1,1,0,5.67675,27
9,0,1,6.42162,27
11,0,1,5.93754,36
7,0,1,6.16121,28
9,0,0,5.87493,29
3,0,0,4.82831,41
4,0,0,5.75574,31
4,0,1,6.16121,58
3,0,1,5.97889,24
2,1,1,5.46806,49
10,0,1,6.31716,47
3,0,0,5.39816,22
4,0,1,6.09131,54
2,0,0,6.16121,38
7,1,0,5.81114,26
2,0,0,5.06259,20
2,0,0,4.74493,43
2,1,1,5.43372,28
5,0,1,5.17615,31
5,1,0,5.9135,34
11,0,1,5.39816,21
5,1,1,5.28827,53
11,0,1,6.22654,22
19,0,1,5.34233,50
13,0,1,4.63473,49
8,0,1,5.93754,60
11,0,0,6.16121,42
3,0,1,5.84064,44
3,1,0,5.28827,20
1,1,0,5.04986,25
5,0,1,5.97889,41
19,0,1,5.92693,26
2,0,0,5.39816,23
3,0,1,5.74939,27
3,0,1,5.75574,29
8,0,0,4.77912,30
1,0,0,5.39816,25
3,0,1,5.64897,30
6,0,1,4.91265,60
1,0,1,5.8522,56
2,0,0,4.92725,22
4,0,0,4.91265,45
3,1,1,6.38519,33
27,0,1,5.97889,60
6,0,1,5.06259,21
3,0,1,5.36129,30
14,0,1,6.45834,44
2,0,0,6.3315,52
11,0,1,5.24702,31
27,0,0,6.16121,51
6,0,1,5.53339,35
2,0,0,5.96358,55
1,1,1,5.75574,53
5,0,0,5.97889,33
1,0,0,5.28827,27
1,0,0,5.97889,33
1,1,0,5.46806,43
13,1,0,5.75574,32
3,1,1,4.92725,28
19,0,1,5.8944,51
9,0,1,6.29527,36
5,0,0,5.18178,27
17,0,1,4.92725,31
15,0,1,6.286,42
4,0,1,6.01859,50
7,0,1,5.75574,24
3,1,1,6.38519,36
14,1,0,4.83628,50
5,0,0,5.65599,38
3,0,0,5.8944,48
12,0,1,5.54908,47
2,0,0,5.54908,33
2,1,1,6.51026,33
10,0,1,6.16121,34
1,0,0,5.39816,22
5,0,1,5.75574,26
17,0,1,5.28827,30
7,0,1,5.06259,23
1,0,0,4.63473,24
21,0,1,5.46806,58
16,0,1,5.64897,34
7,0,1,5.32301,33
5,1,1,4.67283,47
6,0,1,5.46806,30
1,1,0,4.77912,49
5,0,0,5.50126,34
9,0,1,5.39816,24
9,0,1,5.69036,33
1,1,0,5.46806,38
6,0,1,5.59471,28
27,0,1,5.28827,41
13,1,1,6.16121,36
6,0,1,5.75574,61
5,1,1,5.32301,30
13,0,1,6.85435,58
23,0,1,5.62402,40
5,1,1,6.41017,30
2,1,0,5.97889,53
13,1,1,6.16121,43
10,0,1,5.75574,37
10,0,1,5.46806,30
5,1,1,6.31536,52
2,0,1,5.57973,54
2,0,0,4.86753,28
3,1,1,5.3799,23
2,0,0,5.53339,36
20,1,1,5.50126,55
21,0,1,6.76734,30
9,1,0,5.75574,33
17,0,1,5.80513,48
27,0,0,4.36945,34
1,1,1,5.06259,37
8,1,1,6.24222,54
15,0,1,5.06259,22
9,1,1,5.62402,21
1,0,0,5.97889,21
2,0,1,5.75574,41
7,1,1,6.85435,55
2,0,0,5.92693,34
2,0,0,5.28827,32
4,0,1,6.97261,50
22,1,1,5.75574,40
3,0,0,6.16121,24
22,1,1,5.97889,46
4,0,1,6.16121,27
4,0,1,5.75574,24
1,1,0,6.72863,37
1,0,0,5.06259,23
1,1,0,6.16121,54
2,1,0,5.59471,34
1,1,0,4.83628,44
1,1,0,5.62402,24
5,0,1,5.36129,30
3,0,0,5.75574,20
1,0,0,5.75574,43
2,0,1,5.42935,48
2,0,0,5.24702,21
1,1,0,5.32301,35
2,1,0,5.60947,27
10,0,0,5.20401,29
15,1,1,6.16121,28
11,0,1,5.75574,37
3,0,0,5.28827,25
15,0,0,5.42935,25
9,1,0,5.97889,40
2,0,0,5.97889,37
1,0,0,5.97889,42
1,1,0,5.15906,41
1,0,0,5.09987,40
1,0,0,5.18178,21
5,0,0,5.81711,30
7,0,1,4.95583,37
7,0,1,6.05678,34
13,0,0,5.15906,21
13,0,1,5.8522,40
5,1,0,5.46806,37
22,0,1,6.76734,60
3,0,0,5.28827,31
4,0,1,5.3799,23
3,0,1,5.53339,25
3,0,0,5.75574,37
9,0,0,4.95583,24
1,1,0,6.18621,42
2,0,0,5.97889,43
13,1,1,5.97889,36
10,0,1,5.62402,44
2,0,0,5.06259,38
2,0,0,5.62402,22
1,1,0,5.5835,31
3,0,1,5.24702,27
7,0,1,5.28827,33
1,0,1,5.59471,42
5,0,1,4.77912,41
19,0,1,5.97889,44
3,1,1,5.66643,24
2,0,1,5.39816,30
7,0,0,5.62402,35
3,0,1,5.06259,48
7,0,1,6.76734,49
5,1,1,5.75574,42
7,1,1,5.69036,42
8,1,1,6.30445,37
5,1,1,5.70378,27
13,0,1,5.39816,26
1,1,0,6.02828,24
6,0,0,4.66344,29
5,0,1,5.51745,46
3,0,1,5.8522,43
2,0,0,5.75574,42
21,0,0,4.95583,31
20,0,1,6.05678,25
20,0,1,5.59471,24
2,0,0,5.60947,27
25,0,1,4.83628,58
1,1,0,5.46806,48
22,1,1,6.67203,48
20,0,1,6.9344,54
5,0,0,5.06259,30
1,1,0,5.87493,28
2,0,1,5.06259,45
11,0,1,5.46806,37
7,0,1,5.90536,35
16,0,1,5.75574,43
5,0,0,5.97889,32
13,1,1,6.69703,55
10,0,1,6.19441,53
1,1,1,6.52649,36
15,0,1,6.18621,31
16,1,1,5.87493,20
7,0,0,5.62402,28
6,0,1,5.87493,61
1,0,0,5.75574,22
8,0,1,6.44889,37
15,0,1,5.60947,28
9,0,1,6.72143,56
10,0,1,6.46147,33
5,0,1,5.28827,24
5,0,1,5.78074,59
2,0,1,6.67203,43
5,0,0,5.46806,35
11,0,1,6.16121,27
2,0,0,5.92693,30
2,0,0,5.97889,27
7,0,1,5.92693,33
7,0,1,5.24702,26
11,0,1,5.85793,50
8,0,1,5.75574,41
3,0,1,6.07535,57
9,0,0,5.97889,21
19,1,0,6.27852,28
14,1,1,6.81235,52
25,0,1,6.67203,42
9,0,1,6.286,33
11,1,0,6.54391,48
3,0,1,6.31536,43
11,0,1,5.97889,42
3,0,1,6.44889,29
5,0,1,6.54391,44
7,0,1,5.62402,39
4,1,0,6.76734,55
8,0,1,6.20254,39
4,1,1,5.39816,52
9,0,0,5.69036,34
15,0,1,5.54908,27
11,0,1,5.97889,61
19,0,0,5.82895,52
1,0,1,5.43372,36
1,1,0,6.41017,38
14,0,1,6.67203,40
2,0,0,5.53339,24
26,0,1,6.44889,29
13,0,1,5.80513,44
9,0,1,5.46806,39
8,0,1,6.16121,56
11,0,1,5.32301,48
8,0,1,5.71043,40
19,1,1,5.71373,55
9,0,1,5.06259,37
5,0,0,4.95583,35
9,0,1,5.57973,29
1,0,1,5.46806,47
15,0,1,5.28827,25
11,1,1,5.39816,25
2,1,0,5.46806,32
26,0,1,5.15906,39
4,0,0,4.97673,28
1,1,1,5.46806,30
7,1,1,6.16121,39
6,0,1,5.06259,43
6,0,1,5.32301,45
3,0,0,5.46806,35
1,0,1,5.97889,26
2,0,0,4.95583,37
4,0,1,5.28827,21
1,0,1,4.95583,44
13,0,0,5.97889,29
13,1,1,6.48004,55
8,0,1,5.87493,27
7,0,1,5.62402,35
5,1,1,5.75574,30
6,0,1,5.75574,55
7,1,1,5.62402,26
6,0,1,5.62402,40
6,0,1,5.15906,27
3,1,0,4.77912,22
1,1,0,4.77912,32
1,1,0,5.43372,33
16,0,1,6.01616,33
4,0,1,6.16121,36
2,1,1,5.71703,39
1,1,0,5.06259,27
6,0,1,5.46806,25
11,0,1,5.62402,36
11,1,1,5.45532,58
4,1,1,5.3799,31
9,1,1,6.38519,26
7,1,0,7.0775,40
2,0,0,6.44889,54
5,1,1,5.32301,51
16,1,1,5.06259,24
4,0,1,5.28827,51
3,0,1,5.75574,28
2,1,1,6.16121,32
13,0,0,5.06259,25
7,0,1,6.07535,45
2,0,0,5.64897,24
1,0,0,5.06259,25
1,0,0,4.89784,42
15,0,1,6.01616,28
4,0,0,5.06259,25
7,0,1,5.06259,53
1,0,0,5.28827,21
3,0,0,5.24702,22
5,0,0,4.46591,22
27,0,1,5.42935,41
11,0,0,5.06259,46
1,0,0,6.3315,40
1,0,0,6.61204,39
3,1,1,6.16121,45
6,0,1,6.19236,45
27,0,1,5.62402,21
15,0,1,6.44889,50
7,1,1,6.07535,46
5,0,0,6.58479,37
14,0,1,5.62402,50
7,0,1,5.97889,28
7,0,1,5.87493,22
8,0,1,5.32301,21
14,1,1,6.16121,29
1,0,1,5.62402,38
10,0,1,5.75574,40
2,1,1,6.1334,25
2,0,1,5.3799,22
6,1,0,6.47389,42
13,0,1,6.01859,56
5,0,0,5.46806,32
9,0,1,6.16121,40
7,1,1,5.97889,28
21,0,1,5.93754,29
1,0,0,5.06259,29
1,1,0,5.28827,33
7,0,1,5.8522,36
3,1,1,6.07535,43
3,1,1,6.24804,39
26,0,1,5.70378,58
4,0,1,5.93754,39
21,1,1,5.81711,26
11,0,1,6.35263,44
7,0,1,5.87493,34
5,1,1,5.59471,35
10,0,1,5.97889,23
8,0,1,6.52649,42
3,0,0,5.80513,22
1,0,1,5.87493,25
4,0,1,6.09131,34
27,0,0,5.46806,29
5,0,1,6.67203,53
16,0,1,5.97889,34
4,1,1,5.97889,39
2,0,1,5.75574,61
5,0,0,6.67203,39
9,0,1,6.74406,52
4,0,1,6.2106,30
5,0,1,5.75574,37
15,1,1,5.70378,35
2,0,0,6.44889,36
4,1,0,6.31536,32
16,0,0,6.27852,45
6,0,0,5.64897,24
5,0,1,5.53339,28
10,0,1,5.87493,47
21,0,1,5.75574,48
1,0,1,5.28827,35
8,1,1,5.87493,41
8,0,1,5.06259,21
3,0,1,5.93754,21
3,0,1,5.75574,48
12,0,1,5.97889,48
3,0,0,5.82895,40
1,1,0,6.67203,34
2,1,0,5.75574,22
16,0,0,5.8944,45
21,0,1,6.44889,30
15,1,1,5.67675,43
4,0,1,6.54391,52
26,1,1,6.44889,35
3,1,1,5.93754,37
5,1,1,5.32301,22
11,0,1,5.53339,30
8,0,1,5.48064,25
17,0,0,6.31536,47
15,0,1,6.48004,43
9,0,1,5.46806,29
9,0,1,5.41165,54
1,1,0,4.77912,21
3,1,1,6.9344,50
1,1,0,6.44095,43
1,1,0,6.61338,37
1,1,1,5.46806,28
3,0,1,5.46806,24
26,0,1,5.75574,32
12,0,1,5.93754,26
14,1,1,5.97889,55
2,1,1,5.8522,32
7,0,1,5.97889,59
6,0,1,5.80513,33
1,0,0,5.62402,38
1,1,0,4.92725,22
1,0,0,5.62402,41
5,0,1,5.94542,54
5,1,1,5.25227,42
15,0,0,4.89784,22
9,1,1,6.64639,38
1,0,0,6.12249,27
3,0,1,5.87493,38
2,1,0,5.53339,24
5,0,1,4.83628,20
7,1,1,6.54391,34
1,0,0,5.59471,28
10,0,1,5.39816,29
16,0,1,5.97889,47
2,1,1,6.53814,40
4,0,1,6.16121,48
7,0,1,6.81235,42
4,0,1,5.71373,56
11,0,1,5.97889,31
5,1,1,5.28827,48
23,0,1,6.08222,27
4,0,0,4.83628,28
2,1,1,5.28827,44
17,0,1,5.81711,24
8,0,1,5.46806,28
16,0,1,5.75574,40
16,0,0,5.97889,40
11,0,0,4.83628,20
3,0,0,5.62402,24
14,0,1,5.75574,50
16,0,1,6.44889,39
4,0,1,5.71703,31
3,0,0,5.59471,37
2,0,0,6.19441,30
1,1,1,5.97889,42
11,0,1,5.75574,37
10,0,1,5.82895,43
1,1,0,6.27664,30
12,0,1,5.43372,23
2,0,0,5.28827,26
2,0,1,5.06259,29
3,0,0,5.46806,46
10,0,1,5.53339,61
5,1,1,4.77912,24
2,0,0,6.31536,32
2,0,0,5.06259,20
10,0,1,5.53339,34
3,1,0,5.46806,55
2,0,0,5.70378,30
2,1,0,5.62402,26
3,0,1,5.28827,57
8,1,1,5.63479,29
1,0,0,5.46806,50
4,0,1,5.46806,21
1,1,0,5.06259,21
2,0,1,5.3799,24
1,0,0,5.62402,27
1,1,0,5.97889,43
4,1,1,6.16121,39
1,0,0,5.24702,21
1,0,0,3.3322,32
5,0,0,5.28827,26
9,1,1,6.07535,43
3,0,0,5.97889,26
7,1,0,5.62402,55
7,1,0,5.28827,26
9,0,1,5.28827,59
2,0,1,5.22575,55
5,0,1,5.23644,51
22,0,1,6.56667,52
3,0,1,5.06259,38
16,0,1,5.62402,24
6,0,0,4.83628,21
1,0,0,4.63473,27
14,0,0,5.06259,23
5,0,0,5.06259,30
4,0,1,5.95842,28
1,1,0,5.28827,28
4,0,1,5.06259,56
1,1,0,6.12249,54
3,0,1,5.59471,50
1,1,0,5.11199,26
2,0,0,5.62402,21
2,0,0,4.59512,28
1,1,0,5.0814,57
6,1,1,5.28827,29
1,0,0,6.97915,46
2,0,1,5.49717,31
1,1,0,5.36129,22
6,0,0,5.28827,52
11,1,0,5.62402,25
1,0,0,6.41017,52
4,1,0,5.62402,25
7,0,1,6.85435,51
2,0,0,5.46806,26
1,0,0,6.30445,49
16,1,0,6.31536,42
14,0,1,5.50126,56
25,0,1,6.35089,48
2,1,0,5.46806,21
17,1,0,5.62402,36
26,0,1,5.75574,49
22,0,1,6.24222,38
6,1,1,5.97889,26
11,0,1,6.24222,52
22,1,1,4.74493,52
2,1,1,5.87493,41
3,1,1,7.36455,45
5,0,0,4.77912,45
25,0,1,5.36129,61
11,1,1,5.06259,36
2,0,1,5.46806,22
1,0,1,5.54908,36
20,0,1,5.54908,43
14,0,1,6.24804,59
16,1,1,5.11199,25
2,0,0,5.75574,49
15,0,0,5.39816,29
1,0,0,4.95583,45
2,0,0,4.89784,23
3,0,0,5.53339,22
15,1,1,5.87493,43
3,0,1,5.8522,39
10,0,1,5.75574,28
2,0,0,5.62402,32
5,1,0,5.7301,38
8,0,1,4.83628,22
2,1,0,5.28827,45
7,1,0,4.77912,41
14,0,0,5.07517,26
1,0,1,5.39816,33
4,0,0,5.06259,23
2,0,1,5.75574,37
3,0,0,5.54908,47
5,0,1,5.22036,42
4,0,1,5.80513,58
2,0,1,4.92725,23
2,1,0,5.62402,26
4,0,0,4.95583,23
3,1,1,5.54908,23
13,0,1,6.34388,36
8,1,0,5.64897,50
5,1,1,4.95583,24
18,0,1,6.12249,50
10,0,1,5.92693,51
7,1,1,4.8828,34
2,1,1,6.44889,42
7,1,0,5.56834,46
6,0,1,6.67203,50
1,0,0,5.06259,22
5,0,1,6.09131,50
4,0,0,6.44889,48
5,0,0,5.75574,30
7,1,0,5.46806,24
4,0,1,6.16121,33
1,0,0,5.3799,30
2,0,1,5.06259,34
14,1,0,5.75574,57
5,1,1,5.18178,35
2,0,0,5.75574,26
5,1,1,5.54126,27
3,0,1,5.50126,32
11,0,0,5.28827,24
27,0,0,5.92693,29
7,0,1,5.24702,51
2,1,0,5.55296,29
7,0,1,5.24702,31
3,0,1,5.28827,43
2,0,0,6.01859,56
4,0,1,6.20051,48
2,0,1,5.62402,41
1,0,0,5.01064,32
6,0,1,4.41884,43
4,0,1,5.54908,41
9,1,1,5.28827,38
20,1,1,5.75574,21
1,0,0,5.64897,21
3,1,0,5.97889,22
13,0,1,4.89784,29
5,1,1,5.84064,42
1,0,1,6.07074,42
6,0,1,5.3033,22
14,0,0,4.95583,33
3,0,0,6.16121,26
1,0,0,5.64897,28
2,0,0,6.4892,45
8,1,0,5.62402,51
1,0,0,6.67203,51
1,0,0,5.62402,29
7,0,0,5.75574,53
4,0,0,5.87493,33
5,1,0,5.87493,26
3,0,0,5.11199,22
20,0,1,6.286,42
2,1,0,6.76734,36
3,1,0,5.92693,41
4,0,0,5.06259,21
2,1,0,5.20401,41
14,0,0,4.77912,43
9,0,1,5.32301,59
3,0,0,5.53339,25
2,0,1,5.01064,36
8,0,0,6.38519,48
3,0,1,5.77455,57
5,0,1,6.16121,42
5,1,1,5.75574,50
3,0,0,5.15906,44
16,0,1,5.49306,58
9,0,1,5.80513,33
7,0,1,6.16121,35
4,0,0,5.69036,32
5,0,1,5.93754,25
5,0,1,4.95583,54
21,1,1,5.74939,37
1,0,0,6.12687,32
2,0,0,5.06259,41
11,0,1,5.97889,24
6,1,1,5.8944,39
1,0,0,4.36945,28
1,0,0,4.36945,23
3,0,1,6.16121,35
4,0,1,5.15906,36
4,1,1,6.67203,59
9,0,1,5.97889,39
13,0,1,5.34233,37
1,0,1,5.62402,45
7,0,0,5.8522,22
13,1,0,5.3799,24
1,0,0,6.16121,35
3,1,0,5.90536,51
2,0,1,6.16121,22
9,0,1,6.12249,33
1,0,0,5.06259,51
20,0,1,5.97889,49
7,0,1,6.44889,27
9,0,1,5.06259,34
4,0,0,5.46806,36
1,1,0,5.54908,35
13,0,1,4.74493,29
5,0,1,4.89784,23
13,0,0,4.83628,23
1,0,0,6.85435,61
7,1,1,6.16121,55
8,0,1,6.16121,41
7,0,0,5.06259,31
7,0,1,5.01064,31
2,0,0,5.36129,22
2,0,0,5.11199,29
7,0,1,5.39816,34
15,0,0,7.0775,54
16,0,1,5.38907,31
17,0,1,5.80513,34
14,0,1,6.31536,49
2,0,0,5.46806,60
3,1,0,5.39816,22
13,1,1,5.28827,31
19,0,0,6.1181,54
3,1,0,6.31536,23
1,1,0,5.46806,33
3,0,0,5.49306,24
3,1,1,6.31536,30
7,0,0,4.55388,23
7,0,1,4.92725,47
7,0,1,5.06259,36
17,0,1,6.2106,25
9,0,1,5.97889,22
4,0,1,5.47646,60
3,0,0,4.07754,24
17,0,1,5.87493,29
1,0,0,5.46806,26
17,0,1,5.69036,32
3,1,0,5.62402,31
3,0,1,5.53339,28
14,0,1,6.56667,38
7,1,1,5.97889,41
4,0,0,5.06259,27
11,1,1,5.85507,30
5,0,0,4.46591,23
1,0,0,4.92725,26
3,0,0,5.15906,25
6,0,1,5.06259,37
12,0,1,6.16121,37
7,0,1,6.38519,35
2,0,1,4.41884,36
3,0,1,5.64897,22
14,0,1,5.97889,49
10,0,1,5.8999,45
4,0,0,5.46806,41
5,0,1,6.49828,47
14,0,1,4.59512,41
6,0,1,5.97889,38
10,0,0,7.36455,57
7,0,1,5.57595,35
15,1,1,5.46806,28
5,1,1,5.97889,29
3,0,1,5.75574,35
7,1,1,5.46806,27
6,0,1,5.24702,20
13,1,1,5.11199,46
9,1,1,5.28827,22
25,0,1,5.49306,56
20,0,1,6.44889,30
14,0,1,5.75574,51
16,0,1,6.24222,52
21,0,1,5.15906,57
4,0,1,5.70378,32
22,0,0,6.85435,46
16,0,0,5.06259,20
20,0,1,6.38519,47
5,1,1,5.28827,26
11,0,0,5.28827,26
1,1,0,5.46806,37
2,0,0,6.24222,32
5,0,0,5.64897,50
3,1,1,5.87493,27
16,0,1,6.286,46
1,1,0,5.06259,39
16,1,1,6.67203,37
2,0,0,5.39816,36
1,1,0,6.16121,44
11,0,0,5.75574,53
7,0,1,5.75574,47
4,1,0,6.81454,45
2,1,0,5.62402,30
1,1,0,4.96981,36
6,0,1,5.97889,35
18,0,1,5.53339,20
5,0,1,5.46806,23
13,1,0,6.44889,58
5,0,0,5.06259,48
5,1,1,6.31536,28
13,0,1,5.70378,52
1,0,0,5.06259,37
5,0,1,6.01859,33
7,0,1,5.46806,29
1,1,1,5.8522,47
8,0,1,5.46806,28
13,0,1,6.09131,36
7,0,1,5.62402,38
2,1,1,5.39816,28
2,0,1,4.95583,22
14,0,1,5.15906,25
23,0,1,5.87493,50
9,0,1,5.28827,49
13,0,1,5.28827,32
23,0,1,5.64897,35
14,1,1,5.59471,40
9,0,0,5.06259,34
1,1,1,5.73334,51
8,0,1,6.38519,38
14,1,1,5.81711,32
16,0,1,5.28827,47
2,0,0,6.02828,28
14,0,1,6.31536,61
14,0,1,6.56667,54
3,0,0,5.97889,23
14,1,1,5.97889,37
5,0,1,5.24702,56
3,0,1,6.07535,41
2,1,0,5.46806,31
9,0,1,6.07535,36
2,1,0,6.38519,25
5,0,1,5.78074,31
1,0,0,6.16121,41
8,0,1,5.46806,26
1,0,0,5.87493,55
14,0,1,6.31536,48
12,0,0,5.46806,26
26,0,1,5.59471,60
5,0,1,5.32301,22
4,0,1,5.11199,54
9,0,1,5.75574,57
5,0,1,5.46806,33
2,0,1,5.06259,34
17,0,1,5.62402,26
3,1,1,5.75574,30
1,1,0,5.53339,27
5,1,1,6.07535,49
14,0,1,5.97889,55
1,1,0,5.46806,30
3,0,1,5.97889,36
2,1,1,5.75574,36
2,0,1,5.46806,41
1,0,0,5.28827,35
6,0,1,5.62402,25
6,0,0,5.59471,24
2,0,0,4.83628,32
2,0,1,5.18178,27
2,1,1,5.28827,32
3,0,1,5.87493,51
3,0,1,5.54908,31
2,0,0,5.46806,24
6,0,1,5.28827,52
6,0,1,6.07535,60
7,0,1,5.56452,49
16,0,1,6.02828,52
9,0,1,5.62402,27
3,0,0,6.2186,34
1,1,0,6.16121,49
8,0,1,6.31536,26
14,0,1,6.67203,54
5,0,1,6.2106,27
14,0,1,6.51026,45
17,1,1,6.1181,37
22,0,1,5.75574,55
3,1,1,5.53339,30
3,0,1,5.39816,29
16,0,1,6.31536,30
14,0,1,5.75574,43
2,1,1,5.97889,31
5,0,0,6.35784,41
13,1,1,5.62402,26
2,1,1,6.67203,34
1,1,0,5.28827,38
7,0,1,5.46806,44
25,0,1,6.07535,52
21,0,1,5.97889,49
6,0,1,6.6053,35
7,0,1,5.97889,45
1,0,0,6.16121,24
14,0,1,5.46806,33
2,1,0,5.06259,32
1,0,0,4.92725,20
6,0,0,5.46806,49
1,1,0,5.62402,43
5,1,1,5.8944,27
1,0,0,6.07535,22
1,0,0,4.92725,31
1,0,1,5.62402,26
5,0,1,5.62402,27
5,0,1,5.46806,26
6,0,1,5.53339,31
1,0,1,5.93754,34
2,0,1,5.1358,32
9,0,1,6.14419,34
20,0,1,5.62402,30
7,0,1,5.20401,34
3,0,0,6.07535,40
23,0,1,5.39816,56
3,0,1,6.67203,30
16,0,0,5.39816,32
3,0,1,5.62402,40
3,0,1,5.75574,20
2,1,0,5.87493,42
11,0,1,5.80513,55
3,1,0,5.01064,22
15,0,1,4.77912,43
9,1,1,5.87493,37
7,0,1,5.62402,39
8,0,0,5.46806,24
5,0,1,5.86363,38
19,0,1,5.87493,22
2,0,1,5.75574,36
9,0,1,6.67203,61
8,0,1,6.31536,42
13,0,0,5.18178,40
4,0,0,4.77912,20
2,0,0,5.28827,27
2,1,1,6.13123,43
5,0,1,6.12687,28
7,0,1,6.16121,42
5,0,1,5.75574,46
2,0,1,5.62402,28
9,0,1,5.46806,31
2,1,0,5.25227,26
5,0,0,5.35186,26
21,0,0,6.94794,43
7,0,1,5.3799,28
2,1,0,6.40853,39
5,0,1,5.84932,54
2,1,0,6.07304,32
3,0,1,5.56068,28
1,1,0,5.15906,41
5,0,1,6.02102,46
2,1,0,5.20401,20
14,1,1,6.07304,35
4,1,1,5.65599,22
7,0,0,5.64191,33
3,0,1,5.56068,38
2,0,0,5.56068,30
2,0,0,5.49306,21
1,1,0,5.9108,58
5,0,0,6.54247,37
7,1,1,6.16752,37
1,1,0,6.47851,39
11,0,1,5.50533,25
6,0,1,6.21261,40
5,0,1,5.71703,44
1,1,0,5.64191,25
1,0,0,5.273,25
3,1,0,5.84932,54
2,1,0,5.86079,46
5,1,0,5.33754,30
2,0,0,5.56068,45
4,0,1,6.31897,35
7,0,1,5.60212,49
1,0,0,5.15906,20
5,0,1,5.273,39
14,0,1,6.07304,40
28,0,1,5.47646,26
2,1,0,6.47851,43
7,0,1,5.84932,32
1,0,1,6.47851,30
4,1,0,5.04986,28
2,0,0,4.75359,25
7,1,1,4.76217,49
4,0,1,5.56068,34
2,1,0,6.03309,34
1,0,0,6.33505,31
16,0,0,4.93447,20
5,0,1,6.39526,33
3,0,1,5.82305,38
3,0,1,5.49306,24
17,0,1,5.65599,31
12,0,1,5.97889,30
2,0,1,6.01616,56
3,0,1,5.94542,33
1,0,1,5.743,41
5,0,1,4.93447,25
9,1,1,5.15906,57
1,1,1,5.94017,24
7,0,1,5.78383,32
1,0,0,5.3799,41
7,0,1,5.84932,27
8,0,1,5.62762,30
2,0,1,5.56068,49
1,0,1,5.84932,33
3,0,0,5.33754,21
5,0,0,5.33754,20
2,0,1,5.56068,21
7,0,1,6.12249,31
13,0,1,6.60394,45
12,0,1,5.15906,52
3,0,1,6.2519,39
4,1,1,6.54247,36
1,0,1,2.70805,38
7,0,1,6.40853,45
1,0,1,5.71703,39
4,1,1,5.62762,28
2,0,1,5.49306,26
2,1,0,5.33754,50
8,0,1,5.70711,56
10,0,0,5.90536,26
3,0,1,5.84932,28
11,0,1,6.25575,41
2,0,0,5.3799,55
2,0,1,5.3799,53
3,0,1,5.29832,45
6,0,1,5.3799,34
2,0,0,5.62762,32
3,0,1,5.84932,33
6,0,1,5.56068,25
5,0,1,6.07304,24
2,0,0,5.71703,25
13,1,1,6.80793,53
5,0,0,4.68213,35
10,0,0,5.56068,27
7,0,1,5.67332,21
6,0,1,6.07304,31
5,0,1,5.04986,24
5,0,1,5.71703,31
6,0,1,5.84932,22
13,0,1,6.03309,40
5,0,1,5.45104,29
7,0,0,5.71703,48
4,0,0,5.15906,21
6,1,1,6.16752,41
7,0,1,5.15906,49
12,0,1,5.96615,43
8,1,1,6.21261,27
14,0,1,6.07304,60
2,0,0,5.3799,40
27,1,1,5.84932,50
1,0,0,6.21261,30
5,0,1,5.56068,21
11,1,1,5.56068,41
4,0,1,5.743,25
7,0,1,5.96615,37
3,0,0,4.86753,20
3,0,0,5.3799,20
2,0,0,5.67675,39
9,0,0,4.83628,51
3,0,0,5.79909,36
1,1,0,5.62762,22
11,1,1,5.15906,43
6,1,1,5.15906,28
5,1,1,5.96615,37
7,1,1,5.49306,35
5,0,1,5.56068,32
6,0,1,6.2804,39
1,1,0,5.15906,30
3,0,1,5.56068,22
7,0,1,6.10702,50
1,1,0,6.25575,40
20,0,1,5.56068,32
4,0,1,6.33505,35
5,0,0,5.3799,35
15,0,0,5.33754,25
13,0,0,4.70953,21
5,0,1,6.30445,41
1,0,1,5.50533,48
3,1,1,5.29832,25
1,1,0,5.68698,49
7,0,1,5.71703,27
3,1,0,6.07304,28
26,0,0,5.64191,22
1,0,0,5.25227,22
7,1,1,6.12249,47
1,1,0,5.84932,31
2,1,0,5.71703,24
2,0,0,4.86753,36
7,1,0,5.56068,28
4,0,1,5.84644,25
3,1,1,5.59471,43
1,0,0,5.33754,42
4,0,1,4.46591,58
5,0,0,5.15906,25
13,0,1,6.46459,57
3,0,0,6.07304,48
2,0,0,5.56068,57
2,1,0,5.71703,30
5,0,1,5.04986,42
15,1,1,6.30628,49
1,0,1,5.743,36
2,0,1,5.45532,23
13,0,1,5.94542,60
7,0,1,4.96284,34
7,0,1,5.71703,31
1,1,0,5.56068,22
11,0,1,5.33754,22
2,1,0,4.79579,34
3,0,0,4.86753,56
6,1,0,5.84932,49
2,0,0,6.98934,45
1,1,0,5.20401,24
1,1,0,6.07304,31
1,0,0,6.25575,24
3,1,1,6.47851,31
7,1,1,5.84932,31
1,1,0,4.86753,35
3,0,0,5.15906,39
1,0,0,5.84932,21
2,1,1,5.56068,20
3,1,0,5.15906,24
5,1,0,5.3799,31
1,0,0,5.02388,47
5,0,1,6.25575,35
5,0,1,6.55108,38
1,1,0,6.07304,32
3,0,1,5.3799,30
2,1,0,5.15906,50
3,1,0,5.04986,21
2,1,0,4.89784,24
2,0,0,5.45532,24
2,0,0,4.86753,23
1,1,1,6.12249,28
2,0,0,5.78383,38
1,0,0,5.84932,31
26,0,0,6.76619,35
1,0,0,6.29527,26
3,1,0,5.49306,20
1,1,0,5.3799,20
3,0,0,4.68213,40
5,1,1,5.04986,42
1,1,0,5.69373,35
4,1,1,5.49306,37
1,1,0,5.96615,43
2,1,0,5.84932,30
5,1,1,5.15906,57
1,1,0,5.7589,21
1,1,0,6.62141,40
2,0,0,5.25227,43
19,0,1,5.3799,44
1,1,0,5.28827,28
2,1,0,5.75257,29
7,1,1,5.3799,21
15,0,1,6.33505,48
6,1,1,5.84932,42
9,1,1,6.19848,40
2,1,0,5.3799,32
5,0,0,5.71703,34
4,1,1,6.71417,32
7,0,0,5.02388,35
17,0,1,6.76619,44
2,0,0,5.33754,21
7,1,1,6.16542,44
10,0,1,6.47851,61
4,0,0,6.40853,38
8,0,1,5.3799,56
1,1,0,5.81114,57
2,1,1,5.95584,42
2,1,1,6.07304,43
2,0,1,7.41998,44
13,1,1,6.07304,26
3,0,1,5.89715,60
3,0,0,6.71417,53
11,1,1,7.41998,45
1,0,1,5.93225,60
7,0,1,5.96615,59
1,0,0,6.05209,27
4,0,1,6.03309,28
11,0,1,6.07304,35
2,1,0,5.47646,21
2,1,0,4.86753,24
6,1,1,6.43935,53
8,0,1,5.66643,59
11,1,1,6.76619,46
4,1,1,5.62762,42
7,1,0,5.98896,39
5,1,1,7.35372,37
4,1,1,6.03309,59
3,1,1,5.84932,59
2,1,1,5.79909,42
3,0,1,5.47646,22
5,0,1,5.95324,33
9,0,1,5.15906,27
3,1,1,6.98934,39
22,0,1,6.18621,44
3,0,0,4.93447,20
13,0,1,5.3799,33
1,1,0,5.16479,38
2,0,1,6.40853,43
5,0,1,4.76217,44
3,0,1,4.96284,52
3,0,0,5.15906,29
2,0,0,5.3799,31
2,0,1,5.03695,25
7,1,1,5.29832,40
2,1,1,4.93447,31
4,1,1,5.55683,37
3,0,1,5.56068,37
27,1,1,5.02388,39
15,1,1,5.15906,22
2,0,0,5.15906,40
20,0,1,5.47646,56
14,1,0,6.41999,32
7,1,1,5.71703,32
8,0,1,5.33754,31
1,0,0,6.54247,28
14,0,1,5.15906,34
1,0,0,5.96615,29
3,0,1,5.55683,49
3,0,0,6.16752,40
1,0,1,5.56068,20
1,1,0,5.56068,37
1,1,0,6.07304,61
13,0,1,6.07304,46
5,0,0,5.36129,20
11,1,1,6.45047,43
1,1,0,5.33754,60
13,0,0,6.07304,32
1,1,0,7.41998,39
7,0,0,4.93447,39
1,1,0,5.56068,40
1,0,0,5.15906,41
1,1,0,5.33754,27
5,0,1,5.10595,44
1,0,0,5.3799,31
13,0,1,5.71703,57
2,0,1,6.21661,26
3,0,1,5.56068,23
2,0,1,6.07304,29
7,0,1,5.273,43
11,1,0,5.15906,20
1,0,1,6.37161,50
12,0,1,6.07304,40
5,0,1,6.07304,47
3,0,1,6.43775,37
3,0,1,6.03309,28
12,0,1,6.58341,47
3,0,0,7.1025,33
3,0,1,5.96615,21
5,1,1,6.33505,27
1,1,0,6.31173,30
16,1,1,5.33754,20
18,0,1,6.25575,38
13,0,1,6.11147,32
3,1,1,5.9108,40
7,1,0,7.17166,44
1,1,0,5.3799,23
9,0,1,5.78383,24
3,0,1,5.62762,22
6,0,0,5.15906,22
13,0,1,6.76619,57
4,0,1,5.84932,26
4,0,1,6.25575,34
3,0,0,6.25575,21
7,1,1,5.743,30
2,1,0,5.62762,25
1,0,0,5.64191,23
1,1,0,6.07304,36
21,0,1,6.18621,44
6,0,1,6.33505,30
17,0,1,6.25575,42
14,0,1,5.56068,50
4,0,1,5.33754,24
1,0,0,6.40853,43
7,0,1,5.71703,23
9,1,1,5.84064,25
11,1,1,6.03309,30
13,0,1,6.11147,61
1,1,0,5.56068,21
3,0,1,6.54247,32
3,1,1,5.84932,41
9,1,1,5.56068,27
4,0,1,5.79909,25
1,1,0,4.64439,22
4,0,0,5.20401,56
6,0,0,4.99721,41
16,1,1,5.59471,22
1,1,0,5.8861,50
1,1,0,6.1506,51
7,0,1,4.86753,31
2,0,0,5.25227,44
3,0,1,5.52943,33
6,1,1,5.20401,28
1,1,0,5.3799,36
4,0,1,5.47227,53
1,0,1,5.15906,22
21,0,0,6.76619,50
1,1,0,5.56068,45
2,0,1,5.64191,30
3,0,1,5.3799,31
1,0,0,5.15906,40
27,1,0,4.46591,48
19,1,1,5.84932,35
3,1,1,6.66057,36
5,1,0,5.42054,24
7,0,1,6.61473,37
2,0,0,5.56068,30
1,0,0,6.07304,41
7,0,0,5.1299,30
9,0,1,5.71703,37
1,1,0,5.84932,33
7,1,1,6.50429,60
3,1,0,5.3799,35
3,1,0,4.93447,24
9,0,1,5.25227,27
7,1,0,5.58725,42
1,0,1,5.27811,42
10,0,1,5.50939,56
3,0,1,6.40688,34
14,0,1,6.33505,29
7,0,1,4.86753,24
6,0,1,5.62762,61
6,0,1,5.98896,23
1,1,0,5.743,29
2,0,1,5.70378,29
3,1,0,5.25227,45
1,1,0,5.42054,25
9,0,1,6.40853,37
3,0,0,5.89715,23
7,0,1,5.31321,40
15,1,0,5.04986,35
1,1,0,6.05209,40
5,0,1,6.13123,28
8,0,1,5.3799,44
1,1,1,5.68358,23
2,0,1,5.71703,34
4,0,1,5.56068,31
2,1,0,5.59471,32
13,0,1,6.16752,27
5,0,0,6.66057,30
4,1,0,5.56068,55
3,0,0,4.93447,32
7,0,0,6.38012,31
5,0,1,5.3799,27
4,0,0,4.99721,37
9,0,0,5.49306,27
1,1,0,6.12249,49
8,0,1,5.89715,49
7,1,1,6.34036,33
5,0,1,5.78383,22
5,1,1,6.07304,32
7,0,0,5.84932,27
3,1,1,5.33754,25
15,0,1,4.79579,25
2,1,1,5.62762,51
14,0,0,4.99721,41
5,0,0,5.04986,20
7,0,0,5.56834,55
2,0,1,4.79579,35
3,0,1,5.20401,36
9,0,1,5.96615,56
13,0,1,6.54247,47
12,0,1,5.84932,28
1,1,0,5.84932,38
1,1,0,6.16752,34
3,1,0,5.15906,49
3,0,0,6.3315,38
1,0,0,5.15906,43
11,0,1,5.56068,30
1,1,0,6.25575,36
7,0,1,4.86753,53
1,0,0,5.89715,31
1,0,0,5.3799,38
6,0,1,5.8693,40
2,1,0,5.56068,32
1,1,0,5.79909,40
3,1,0,6.25575,55
2,0,0,5.56068,33
3,1,0,6.07304,23
2,1,0,5.56068,37
4,1,1,6.02102,38
2,0,0,5.29832,27
4,1,0,4.86753,41
5,0,1,4.55388,42
1,0,0,3.63759,21
4,0,1,5.7589,42
2,0,0,4.46591,37
3,0,0,6.07304,48
3,1,0,5.65599,54
2,0,0,5.78383,37
7,1,0,5.96615,26
6,0,0,6.45047,35
1,1,1,6.11147,56
5,1,0,5.29832,41
9,0,0,4.46591,29
3,1,0,5.15906,30
1,1,0,5.56068,29
3,0,1,5.15906,35
1,1,0,6.16752,35
1,1,0,5.10595,37
2,0,0,6.28786,38
5,1,1,5.96615,27
3,0,0,5.15906,21
5,1,1,6.03309,31
3,0,0,5.3799,21
1,1,0,5.33754,21
6,0,1,5.89715,26
2,0,0,5.15906,25
1,0,0,5.3799,35
7,0,1,5.96615,40
1,1,1,6.50129,26
2,1,1,5.84932,37
2,1,1,6.03309,35
4,1,0,6.90875,49
3,0,0,4.93447,31
2,1,0,5.62762,27
2,0,0,4.81218,27
2,0,0,4.86753,21
1,0,0,5.15906,25
1,1,0,4.99721,42
4,0,1,5.273,22
1,1,0,5.62762,38
2,0,1,5.94017,41
14,0,1,5.33754,45
4,1,0,6.55108,44
9,0,1,6.54247,35
9,1,1,5.80814,29
5,0,1,6.16752,31
3,1,1,5.15906,27
1,1,0,5.56068,50
7,0,1,4.46591,21
5,0,0,5.96615,28
3,0,0,5.3799,22
15,0,1,5.89715,43
1,0,0,5.15906,25
1,0,0,5.69373,34
2,0,0,5.56068,20
4,0,0,4.86753,29
18,0,1,5.65599,31
15,1,1,6.11147,44
2,1,0,6.40523,40
1,0,0,5.96615,27
1,1,0,6.86171,55
7,0,1,5.3799,30
2,0,1,5.3799,27
3,0,0,4.72739,22
13,0,1,5.64191,46
2,1,0,5.33754,30
4,0,1,6.07304,35
14,0,1,4.76217,40
3,1,0,5.71703,38
3,0,1,4.76217,29
3,1,0,6.21661,56
7,1,0,4.65396,30
9,0,1,5.04986,49
4,1,0,6.12687,42
12,0,1,5.3799,33
12,0,1,5.3799,40
5,0,1,6.07304,55
1,1,0,6.56527,57
4,0,0,6.25575,43
4,0,0,6.07304,50
8,0,0,5.743,38
9,0,1,5.15906,23
2,0,1,6.07304,27
3,1,1,5.62762,41
3,0,0,5.56068,26
17,1,0,6.40853,39
3,0,1,5.3799,22
1,1,1,5.71703,37
1,0,0,5.3799,22
5,0,1,5.39363,24
6,1,1,5.64545,41
2,0,0,5.18178,35
4,0,0,4.72739,55
7,1,1,5.15906,29
3,1,1,5.56068,35
11,1,1,5.61677,32
2,0,0,5.3799,43
2,0,1,5.96615,22
2,0,0,5.33754,27
14,0,1,5.56068,32
14,0,1,5.3799,51
11,0,0,4.96284,21
13,0,1,5.49306,53
1,1,0,5.15906,25
11,1,0,4.93447,20
5,0,0,4.76217,20
5,0,0,5.15906,20
3,0,0,5.22575,36
1,0,0,4.72739,34
4,0,1,5.56068,29
2,0,0,4.79579,22
5,1,1,5.15906,41
15,0,1,5.71703,30
5,0,0,5.3799,21
7,1,1,5.93225,34
1,1,0,6.07304,24
5,1,1,5.15906,22
5,0,0,6.76619,40
5,1,1,5.63479,32
12,0,1,5.25227,47
4,1,0,5.15906,20
5,0,0,4.83628,54
3,0,1,6.25575,31
3,0,0,5.15906,23
2,0,0,5.15906,27
1,1,0,5.33754,30
1,1,0,5.743,26
2,0,0,4.79579,33
2,0,0,4.86753,42
2,0,0,5.56068,22
11,0,0,5.90536,33
1,0,0,6.47851,34
1,1,0,5.71703,36
2,0,1,6.33505,21
2,0,0,5.09987,37
5,0,1,5.29832,33
2,0,1,5.89164,31
1,0,0,5.3799,36
26,0,1,6.12249,45
3,0,1,6.07304,61
16,0,1,6.07304,35
2,0,1,5.273,25
3,0,0,6.18621,56
10,0,1,5.84932,38
1,0,1,5.84932,43
1,1,0,5.56068,30
1,1,0,6.25575,36
2,1,1,6.50429,42
5,0,1,5.65599,41
5,1,1,6.25575,27
3,0,1,5.19296,60
1,1,0,6.64898,50
6,0,0,5.78383,38
13,0,1,6.2804,50
19,0,0,5.96615,25
2,1,0,5.56068,46
7,0,0,5.04986,46
10,0,1,6.07304,58
1,0,0,5.84932,28
5,1,1,6.07304,59
7,0,1,5.29832,40
2,0,1,5.84932,30
2,1,0,5.29832,28
12,0,1,5.3799,59
12,0,1,5.3799,51
6,0,1,6.16752,37
14,1,1,6.25575,28
2,0,0,4.23411,21
5,0,1,5.3799,41
5,0,0,5.273,22
1,1,0,5.3799,23
3,1,0,5.62762,29
2,1,0,5.49306,35
10,0,1,5.96615,58
1,0,0,5.84932,34
1,1,0,5.3799,29
5,0,0,5.49306,24
7,0,0,5.84932,22
6,1,1,6.16752,28
4,0,0,6.21661,30
2,0,1,5.79909,22
2,0,1,5.20401,21
3,0,1,6.07304,26
2,0,0,5.89715,25
4,1,1,5.65599,33
1,0,0,4.99721,27
1,1,1,5.79909,37
7,1,1,5.45532,38
2,1,0,4.99721,26
1,0,0,5.04986,33
1,1,0,5.81114,26
14,0,1,5.65599,50
2,0,1,4.86753,47
7,1,0,6.66057,47
7,0,1,5.15906,39
5,1,0,5.84932,29
3,1,0,5.64191,50
1,0,0,6.76619,46
5,0,0,5.25227,20
3,0,0,5.96615,54
2,0,0,5.56068,31
13,1,1,5.94542,40
6,0,0,5.60947,33
7,0,0,5.56068,32
1,0,0,5.4848,27
4,0,1,5.71703,33
9,1,0,5.743,30
1,1,0,5.96615,50
9,0,1,5.89715,34
5,0,0,4.79579,37
3,0,1,5.15906,32
3,0,1,6.54247,55
3,0,1,5.273,22
2,0,1,5.42054,42
2,0,0,6.07304,40
14,0,1,5.15906,29
1,1,0,6.40853,37
1,1,0,5.84932,52
3,0,0,5.92158,27
2,0,0,5.3799,39
7,0,1,5.89715,37
2,0,1,6.40853,27
5,0,1,6.25575,56
22,0,0,5.23111,41
1,1,0,5.96615,32
4,0,1,7.29641,38
2,0,0,5.84932,30
7,0,1,5.29832,42
27,1,1,5.70378,42
10,0,1,6.68461,54
4,1,1,6.10925,52
7,0,1,5.16479,50
7,1,0,4.82831,21
3,0,0,5.52146,26
2,0,0,6.04025,34
9,0,0,5.273,31
3,0,1,6.17379,39
10,0,1,7.27379,49
7,0,0,5.70378,28
1,0,0,6.29157,49
1,0,0,5.52146,31
1,0,0,5.57595,46
1,1,0,5.4161,37
9,1,1,6.21461,32
2,1,0,5.8861,22
1,1,0,6.39693,44
3,0,0,6.39693,33
3,0,0,5.19296,33
1,0,0,5.99146,20
5,1,1,5.61677,21
2,1,0,6.05209,31
6,0,0,6.36303,45
21,1,1,6.15273,33
5,0,1,5.61677,25
4,1,1,6.21461,50
3,0,0,5.29832,26
4,0,0,5.48064,33
2,1,0,6.21461,42
2,1,1,5.70378,38
7,1,1,5.29832,34
12,0,1,5.01064,42
1,1,0,6.39693,46
1,1,0,6.21461,27
2,0,0,5.1358,26
8,1,0,5.85793,23
7,0,1,5.47227,24
7,0,0,5.52146,21
14,0,1,6.10925,36
10,0,1,6.21461,32
5,1,1,6.47697,32
15,0,1,5.19296,28
2,1,1,6.21461,31
3,0,0,5.4161,23
1,0,0,6.08222,43
3,1,0,5.29832,50
3,0,0,5.6204,45
13,0,1,5.52146,23
5,1,0,5.8861,33
2,0,0,5.63479,39
4,0,1,5.61677,28
2,0,0,5.01064,24
1,1,0,7.6004,40
2,1,0,5.29832,21
7,0,0,5.29832,28
7,1,1,6.30992,42
7,0,1,5.59842,40
7,1,0,6.04025,24
1,1,0,5.70378,25
9,0,1,5.95584,34
1,0,0,5.01064,20
2,0,1,5.07517,21
7,1,0,4.89784,24
7,0,0,6.13123,28
1,1,0,5.99146,40
14,1,1,6.16331,45
5,0,1,5.99146,31
5,1,0,5.42054,21
1,1,0,6.04025,32
14,1,1,6.21461,48
5,0,0,4.91265,24
2,0,1,5.85793,46
9,1,1,5.52146,23
6,1,0,5.92693,23
5,0,0,6.55108,32
2,0,0,5.99146,36
2,0,0,5.52146,22
13,0,1,6.10925,45
2,0,0,6.35437,52
7,1,1,5.61677,32
3,0,1,5.29832,21
3,0,0,5.85793,51
9,1,1,5.70378,22
2,1,1,5.61677,42
13,1,1,6.21461,58
2,0,1,5.29832,27
4,0,1,4.82831,36
1,1,0,5.01064,36
4,0,1,6.05209,53
3,1,1,6.10925,25
5,0,0,5.63479,28
7,0,1,6.21461,30
5,0,1,5.70378,45
25,0,0,5.19296,40
15,0,1,5.8522,36
7,0,0,6.08677,30
4,0,1,5.99146,35
3,0,1,5.94017,44
1,1,0,6.55108,31
1,1,0,5.99146,42
14,0,1,6.01616,55
8,0,1,5.29832,27
5,0,1,4.90527,29
9,0,1,6.55108,30
3,1,0,5.85793,26
13,0,1,5.29832,59
3,0,0,5.99146,32
6,0,0,4.82831,27
9,0,0,4.98361,30
5,0,1,5.63479,37
10,0,1,5.16479,32
14,1,0,4.89784,37
4,0,1,5.99146,47
4,0,0,5.48064,22
9,0,0,5.24702,50
2,0,0,5.29832,22
1,1,0,6.30992,30
9,0,1,6.10925,37
5,0,1,6.10925,50
3,0,1,5.56068,26
4,1,1,6.21461,26
9,0,0,4.90527,26
2,0,0,5.70378,35
8,0,1,5.82895,23
25,0,1,5.01064,23
27,0,1,5.01064,38
12,0,1,6.08677,38
10,0,1,5.70378,32
3,1,0,5.01064,33
3,0,0,5.01064,23
14,0,1,6.16121,42
5,0,1,6.30992,41
9,0,1,6.18826,43
3,0,1,5.99146,49
5,0,1,6.21461,30
1,0,0,6.47697,29
2,1,0,6.27099,35
2,0,0,5.16479,23
7,0,1,5.99146,57
4,0,0,5.63479,27
3,0,0,5.2832,36
11,0,1,5.29832,20
3,1,0,5.19296,22
1,1,0,6.90776,35
13,0,0,5.29832,38
2,0,1,6.71538,33
1,1,0,5.76832,49
21,0,1,5.9135,48
4,1,1,5.78383,31
13,0,1,5.52146,43
12,0,1,5.70378,58
18,0,1,5.8861,59
15,0,1,5.99396,43
9,1,1,5.56068,21
12,0,1,6.18415,25
1,1,0,6.04737,24
2,0,1,6.10925,46
2,1,0,5.99146,53
1,1,0,6.2804,27
1,0,0,5.78383,34
9,0,1,6.30992,43
3,0,1,5.48064,23
5,1,0,4.89784,23
14,1,0,5.07517,27
1,1,0,6.39693,28
27,0,0,5.07517,26
3,0,0,5.01064,23
2,1,1,5.48064,33
3,0,1,5.70044,26
18,0,1,6.48768,61
3,0,1,4.82831,29
8,0,0,5.82895,30
1,0,1,5.63479,30
28,0,1,5.72031,29
6,1,0,5.01064,25
2,1,0,5.99146,25
2,1,0,6.39693,48
13,0,0,4.89784,24
22,0,1,5.77455,35
2,0,0,5.85793,53
18,1,0,6.39693,51
11,0,1,5.29832,21
6,0,1,6.21461,48
12,0,1,5.70378,56
6,1,1,5.07517,50
13,0,0,3.21888,24
15,0,0,5.01064,22
27,0,0,5.29832,43
13,1,1,6.47697,36
5,1,1,5.48064,33
7,0,1,5.39816,24
14,0,1,6.01616,27
3,0,0,5.48064,54
2,1,0,5.01064,21
16,0,0,5.85793,49
1,1,0,5.99146,27
2,1,1,5.29832,22
2,1,1,6.25383,29
13,0,0,5.99146,50
14,1,0,6.35784,33
1,1,0,6.21461,32
5,0,1,5.04986,24
18,1,1,5.43808,30
8,1,1,5.99146,36
10,0,1,5.70378,35
19,0,1,6.10925,43
1,0,1,5.40717,34
2,1,1,5.76832,24
7,0,0,6.68461,52
4,0,1,5.66643,24
19,0,1,6.01127,39
12,0,1,5.70378,51
7,1,1,5.99146,28
3,0,1,6.63332,42
8,0,0,4.78749,28
3,0,1,5.29832,22
11,0,1,5.76832,26
13,0,1,5.59842,26
13,0,1,5.70378,29
6,0,1,5.63479,24
14,0,0,4.94164,21
5,1,0,6.62007,41
5,0,1,5.85793,31
10,0,1,6.30992,40
6,0,1,5.34711,29
14,0,1,5.39363,27
12,1,1,5.29832,23
1,1,0,6.19441,24
11,1,1,5.52146,38
6,0,0,5.29832,24
3,0,0,5.99146,32
6,1,1,5.85793,31
1,0,0,4.94164,36
4,0,0,6.39693,43
6,0,0,4.82831,34
7,0,1,6.64639,43
8,0,1,5.5835,24
23,0,1,6.39693,34
6,1,0,6.55108,32
7,0,1,5.8861,33
18,0,0,5.01064,21
4,0,1,6.35437,61
18,0,1,5.70378,38
8,1,1,6.21461,37
1,1,0,7.1309,56
1,1,0,6.21461,29
1,0,0,6.31897,38
1,0,0,6.39693,26
12,0,1,5.99146,31
3,1,1,6.04501,24
9,0,1,6.17379,44
21,0,1,5.70378,34
14,0,1,5.29832,36
13,0,1,5.01064,40
28,0,1,6.21461,48
3,0,1,5.98645,28
27,0,0,4.92725,31
2,0,0,6.28413,46
9,0,0,6.05209,29
12,1,1,5.8861,31
12,0,1,5.8861,38
1,0,0,5.52146,33
7,1,1,5.70378,21
2,0,0,5.29832,39
4,1,1,5.59842,51
2,1,1,5.82895,46
7,0,0,5.29832,26
11,0,1,5.68017,27
3,1,0,5.52146,48
4,0,1,5.48064,42
5,1,1,5.70378,31
2,1,0,5.52146,29
2,0,0,5.07517,20
2,0,0,5.82895,23
10,1,0,5.07517,22
14,0,1,5.52146,27
8,0,1,5.01064,48
8,0,1,5.01064,55
6,0,1,5.39363,45
1,1,0,5.52146,26
2,1,0,5.29832,30
1,1,0,5.29832,20
1,1,0,5.85793,31
3,0,0,5.85793,28
1,0,0,5.01064,24
2,0,0,5.52146,32
2,0,0,5.70378,30
8,0,1,5.39363,34
13,0,0,4.84419,22
9,0,0,5.29832,52
1,0,0,5.70378,23
7,0,0,5.07517,28
15,1,1,5.59842,44
5,0,0,5.24702,22
7,0,0,6.10925,27
7,0,0,5.07517,59
1,0,0,6.10925,36
1,0,0,5.48064,37
5,0,0,5.34711,24
17,1,0,5.70378,53
3,0,0,5.52146,23
1,1,0,5.52146,22
2,0,0,5.52146,44
3,0,1,5.64897,57
3,0,1,5.39363,47
11,0,0,5.29832,52
11,0,1,6.80239,28
4,0,1,5.9135,37
1,0,0,4.89784,43
9,0,1,5.96615,49
27,0,0,5.10595,25
16,0,1,5.07517,34
3,0,1,5.99146,21
9,0,1,6.13123,27
3,1,1,5.29832,22
14,1,1,5.99146,29
1,1,0,6.35437,29
9,0,1,5.48064,22
4,0,0,7.37463,27
3,0,1,5.64545,61
5,0,1,5.9135,29
5,0,1,6.16331,48
14,0,1,5.85793,49
3,1,1,6.05209,34
7,1,1,5.70378,38
1,1,0,6.59441,36
5,0,0,5.19296,40
3,1,0,5.76832,25
13,1,1,5.92693,37
2,1,1,5.55296,53
7,0,1,6.62007,46
2,0,1,5.29832,34
1,0,0,5.15906,21
5,0,0,4.7362,21
4,1,1,6.55108,60
1,0,0,5.48064,20
5,0,1,5.99146,33
2,0,1,5.8861,26
14,1,1,5.1358,32
1,1,0,5.56068,22
7,0,1,5.24702,46
5,0,1,5.2832,54
18,0,1,6.03069,49
11,1,1,6.286,48
21,0,0,4.60517,27
9,0,1,5.82895,57
9,0,1,5.79909,34
2,0,0,5.01064,37
2,0,0,5.19296,40
9,0,1,5.85793,23
2,0,1,6.09131,44
13,1,1,5.99146,42
1,1,0,5.29832,22
2,0,0,4.91998,21
7,1,1,5.52943,47
1,0,0,6.13123,22
12,1,1,5.84644,45
16,1,0,5.01064,34
7,0,1,5.90536,28
1,1,0,6.15698,49
2,0,0,5.76832,28
16,0,1,5.59471,36
5,0,1,5.66988,26
3,0,0,6.04973,34
3,0,0,5.01064,29
9,1,1,5.48064,23
3,0,0,5.01064,21
3,1,0,5.29832,44
7,0,1,5.02388,20
2,0,0,5.70378,23
3,0,0,5.48064,39
10,0,1,5.48064,32
3,1,0,5.63479,24
7,1,1,5.57973,33
1,0,1,5.45959,28
3,1,0,5.72031,49
3,0,1,5.34711,51
11,0,1,6.35437,29
2,0,1,5.85793,30
6,0,0,5.24702,27
7,0,0,5.07517,25
2,1,1,5.56068,25
5,1,0,6.21461,37
4,0,0,5.52146,24
5,0,1,5.87493,40
5,0,0,4.78749,26
7,0,1,5.24702,37
7,0,1,5.63479,27
8,0,1,6.38012,22
1,0,0,5.85793,26
4,0,1,5.27811,56
4,0,1,5.85793,51
5,0,0,5.81413,52
1,0,0,5.52146,23
25,0,0,5.19296,40
2,1,0,5.01064,46
8,0,0,6.70564,52
1,0,0,5.61677,37
1,1,0,6.90776,53
3,1,0,5.52146,25
3,0,0,5.85793,40
1,0,1,6.06379,44
9,0,1,5.19296,20
16,0,1,5.70378,39
5,0,1,5.24175,47
13,1,0,5.70378,42
5,0,1,5.99146,28
12,1,1,5.52146,55
2,0,0,5.70378,25
2,0,0,5.52146,24
8,0,1,5.40268,37
6,1,1,5.73657,34
9,0,1,6.05209,54
1,1,0,5.63479,38
11,0,0,5.99146,60
2,0,1,6.27288,31
2,0,0,5.94017,26
3,1,0,6.31536,29
8,1,1,6.47697,42
20,0,1,6.55108,53
2,1,1,7.00307,55
14,0,1,5.29832,21
2,0,0,5.70378,37
5,1,0,5.29832,24
3,1,1,6.39693,50
5,0,1,6.10925,47
6,0,1,5.9135,42
27,0,1,6.39024,58
2,1,0,6.55108,25
1,1,0,5.85793,28
7,0,1,5.70378,30
2,0,1,6.21461,37
4,1,0,5.29832,38
1,1,0,5.24702,27
3,0,1,5.70378,28
2,0,0,5.70378,48
2,1,1,5.01064,23
2,0,1,5.39363,61
5,0,0,5.85793,61
11,0,1,5.52146,25
7,0,1,5.70378,50
15,1,1,5.19296,24
15,0,0,5.4161,38
5,0,1,5.52146,28
3,1,1,4.70048,20
7,0,1,5.53733,59
6,0,1,5.59842,24
6,0,0,5.29832,21
1,0,0,5.07517,23
3,0,0,5.22036,20
7,0,0,6.10925,34
2,0,0,5.07517,24
14,0,0,5.11799,22
27,1,1,5.99146,51
4,0,1,5.11799,32
16,0,0,5.20401,51
3,0,1,5.1358,33
12,0,1,5.85793,36
7,0,0,5.09987,30
6,0,1,6.27288,36
7,1,1,6.10925,31
20,0,0,5.29832,35
3,1,1,5.29832,25
1,0,1,5.52146,40
16,0,1,5.85793,36
16,0,1,5.78383,26
2,1,0,5.76832,33
1,0,0,6.32794,32
9,0,0,5.07517,36
7,0,1,5.99146,46
2,0,0,5.52146,25
5,0,0,5.66643,29
9,1,1,5.70378,50
1,0,0,5.70378,27
2,1,1,6.10702,34
5,0,1,5.78383,29
6,0,1,5.69373,24
14,0,1,4.89784,39
3,1,0,5.85793,21
1,0,0,5.70378,39
5,0,1,5.01064,48
2,1,1,4.90527,26
7,1,1,5.34711,42
1,1,0,6.58064,35
4,0,0,5.01064,25
5,1,1,5.52146,26
8,0,0,5.07517,33
11,0,1,6.30628,39
5,0,1,5.07517,28
4,0,1,7.37212,42
10,0,1,5.43808,23
5,0,1,5.63479,26
11,0,0,5.35659,43
5,0,1,5.99146,44
18,0,1,5.52146,39
14,0,1,5.54518,36
1,0,0,5.01064,60
1,1,0,5.42054,27
1,1,0,5.99146,25
7,0,1,5.99146,35
1,0,0,5.01064,25
2,0,0,5.99146,23
6,1,1,5.52146,56
4,0,1,5.39363,23
4,0,1,5.52146,22
5,1,1,4.89784,48
6,0,1,4.96284,20
21,0,1,5.10595,20
3,0,0,3.91202,43
3,0,0,4.90527,31
3,0,0,6.08677,49
2,0,1,5.61677,21
21,0,1,6.08677,24
20,0,1,6.10925,20
4,0,1,5.20949,42
3,0,0,5.63479,29
5,1,1,5.29832,23
2,0,0,6.43775,33
1,1,0,5.85793,58
7,0,0,5.66296,24
19,0,1,5.24702,26
2,0,0,5.52146,29
1,1,0,5.63479,46
2,1,0,5.48064,23
2,1,0,5.48064,26
6,0,1,5.61677,49
2,1,1,5.94017,22
5,1,1,5.29832,49
8,0,1,5.0876,27
3,0,0,5.70378,55
1,0,0,5.52146,25
6,0,1,5.07517,22
2,1,0,5.70378,24
5,1,1,6.19441,28
8,0,1,5.70378,54
7,0,1,5.70378,21
7,1,0,6.39693,34
2,1,1,5.8861,25
6,0,0,4.49981,22
2,0,0,5.273,22
5,0,0,5.16479,49
4,0,1,5.82895,23
3,0,1,6.08677,39
13,0,1,5.18178,27
20,1,1,5.54126,29
3,0,0,5.29832,56
5,0,1,5.85793,23
6,0,1,5.52146,32
1,0,0,5.4161,33
6,1,1,6.68461,50
11,0,1,5.57973,30
5,0,1,5.99146,39
3,0,0,5.82895,26
15,1,1,6.21461,43
15,0,1,5.16479,37
6,0,1,5.92693,23
3,0,0,5.70378,28
14,1,0,5.52146,36
7,1,1,6.62007,38
6,0,0,6.21461,39
3,0,0,6.39693,42
23,0,1,5.29832,41
14,0,1,6.39693,44
7,1,1,5.39363,60
7,0,1,5.21494,30
7,0,1,5.70378,24
7,1,0,4.82831,28
1,0,0,4.90527,23
11,0,1,5.63479,30
1,1,0,4.82831,57
3,1,1,6.25383,42
1,1,0,4.82831,28
1,1,0,4.78749,23
6,1,1,5.8999,35
8,0,1,5.29832,22
7,0,1,5.16479,57
10,0,1,5.07517,58
1,0,0,4.89784,29
14,0,1,5.99146,22
7,1,1,6.00635,28
26,0,1,5.24702,26
5,0,1,5.8861,39
3,0,1,4.78749,27
3,0,0,5.19296,28
14,0,1,5.95324,33
3,0,0,4.94164,55
5,1,1,5.52146,30
26,0,1,4.94164,37
11,0,1,6.55108,50
2,0,1,6.80239,32
10,0,0,6.23441,32
9,0,1,5.40268,22
1,0,0,6.21461,27
5,0,1,6.90776,36
2,0,0,5.16479,36
12,1,0,5.01064,20
11,0,1,5.52146,24
5,0,1,6.10925,35
1,1,0,5.99146,37
2,1,0,5.85793,36
4,0,0,5.79909,24
4,0,1,6.21461,27
3,0,0,5.70378,27
4,1,1,6.39024,32
7,0,1,6.39693,35
5,1,0,6.39693,28
11,1,0,6.21461,38
5,0,1,5.29832,31
1,1,0,6.15273,25
1,0,0,5.70378,26
10,0,1,5.55683,21
2,1,0,5.29832,23
13,0,0,5.48064,35
14,1,1,5.63479,39
1,1,0,6.79122,29
4,0,1,5.01064,45
3,0,0,5.96358,50
6,0,1,5.99146,23
1,1,1,5.53733,25
1,1,0,4.96981,29
2,0,0,5.29832,20
4,0,1,6.46147,33
21,0,1,6.12687,48
17,0,1,5.19296,37
2,0,0,5.82895,23
7,0,1,5.29832,37
1,1,0,5.01064,24
1,1,0,6.21461,42
7,0,1,5.99146,27
2,0,0,5.63479,24
11,0,1,5.87212,35
1,1,0,5.73657,38
1,0,1,5.61677,37
3,0,0,6.52209,33
1,0,0,5.01064,23
11,0,0,6.90375,45
4,0,0,6.04737,32
4,0,0,4.86753,20
5,0,0,6.10925,25
11,1,1,5.48064,31
12,0,1,5.9135,26
3,0,1,6.10925,22
1,1,0,5.84644,42
3,0,0,4.82831,20
2,1,0,6.39693,29
5,0,0,5.01064,48
15,0,1,6.35784,36
1,1,0,6.21461,38
2,0,0,6.07535,33
18,1,0,5.07517,28
2,0,0,4.94164,24
1,0,0,5.07517,23
5,1,1,6.06379,27
2,1,0,5.70378,23
1,1,0,5.39363,26
4,0,0,5.59842,21
1,0,0,5.70378,26
2,0,0,7.45588,46
2,0,1,4.86753,38
5,0,0,5.01064,34
4,0,0,5.29832,29
7,0,1,5.99146,35
11,0,0,5.29832,35
2,0,0,4.78749,25
2,0,1,5.61677,24
17,0,1,5.99146,41
16,0,1,5.99146,33
1,0,0,6.74524,52
6,0,1,6.39693,32
3,0,1,6.39693,39
27,0,1,5.01064,31
5,1,0,6.90776,42
1,0,1,5.8861,38
5,0,1,5.8999,27
5,1,0,5.39363,26
1,1,0,5.01064,32
3,0,1,5.85793,34
2,0,0,7.09008,53
2,0,0,5.85793,28
3,1,1,6.42162,48
17,0,1,4.21951,46
3,1,1,6.21461,36
10,0,1,6.10925,35
17,0,1,4.60517,49
14,0,1,4.89784,39
1,1,0,6.10925,34
8,0,1,5.52146,37
11,0,1,5.54126,43
3,1,0,4.89784,20
14,0,1,6.21461,49
7,0,0,5.46383,21
12,0,0,6.80239,59
4,1,1,4.82831,25
13,0,1,6.30992,56
2,1,1,6.16331,41
5,0,1,5.99146,28
2,1,1,6.05678,30
2,1,0,5.01064,20
1,1,0,5.56068,37
7,1,0,5.07517,30
8,0,0,5.3033,39
13,0,1,5.96615,32
1,0,0,5.29832,29
12,0,1,5.52146,38
7,1,0,5.66296,52
9,0,1,5.01064,54
11,0,1,6.90776,38
5,1,0,6.21461,37
9,0,1,5.52146,45
4,0,0,6.80239,36
2,0,0,5.29832,24
12,0,1,5.85793,34
1,1,0,5.52146,27
4,0,0,5.85793,42
1,1,0,6.55108,47
7,0,0,6.10925,20
9,1,1,5.39363,36
5,0,1,6.29157,35
1,0,0,5.70378,21
1,0,0,5.52146,23
3,0,0,5.63479,38
2,0,1,5.82895,38
3,0,1,5.70378,26
8,1,0,5.70378,35
9,0,1,5.29832,26
5,1,0,5.73657,57
15,0,1,5.99146,29
1,1,0,5.59842,29
14,0,1,6.62007,51
8,0,1,6.28786,42
1,1,0,5.52146,26
2,1,0,4.82831,23
17,0,1,6.08677,56
5,0,1,6.55108,53
3,1,1,6.21261,33
7,1,1,7.24423,39
1,1,0,5.56068,26
20,0,1,6.39693,58
27,0,1,4.90527,58
2,0,0,5.70378,42
5,0,0,4.97673,23
3,1,0,6.47697,37
7,0,1,5.07517,45
6,0,1,6.33859,37
8,0,1,6.21461,29
4,0,0,6.31897,25
3,0,1,6.47697,37
17,0,1,5.22036,38
4,0,1,5.29832,39
8,0,1,6.10925,37
17,1,1,5.17048,58
3,1,1,6.39693,23
3,0,1,6.90776,33
9,0,1,5.85793,24
6,0,1,5.52146,37
13,0,1,7.09008,52
1,0,0,6.21461,27
9,0,1,6.68461,29
6,0,1,5.99146,36
21,0,1,5.99146,26
19,0,1,5.99146,30
7,1,0,5.07517,31
9,1,1,5.19296,22
20,0,1,5.67332,33
8,0,1,5.61677,32
1,1,0,5.84644,38
3,0,1,6.90776,34
2,0,0,5.29832,37
5,0,1,6.01127,27
2,0,0,4.94164,36
8,0,1,5.24702,43
2,0,0,5.39363,21
4,0,1,5.52146,57
3,0,0,5.07517,24
16,0,0,5.01064,38
4,0,1,5.29832,42
3,0,0,5.01064,21
21,0,0,5.24702,24
5,0,0,5.29832,38
2,1,1,5.63479,29
17,0,0,5.24702,23
7,1,1,6.02828,53
3,0,1,5.70378,48
1,1,0,5.69373,39
23,0,1,5.07517,23
3,0,1,5.70378,25
2,0,0,4.78749,39
11,0,1,5.39363,57
4,0,0,5.19296,29
2,1,0,5.29832,38
5,0,1,5.07517,20
6,0,1,5.02388,21
2,0,1,5.70378,30
4,1,0,5.19296,36
3,0,0,5.39363,23
9,0,1,5.39363,33
1,1,0,6.09807,25
3,1,0,5.29832,39
1,1,0,6.10925,53
7,1,0,5.0814,35
7,1,1,5.70378,37
12,0,0,6.04025,40
15,1,1,6.90776,44
2,1,1,6.90776,37
1,1,1,5.34711,34
14,0,1,5.29832,60
1,1,1,5.70378,22
8,0,1,5.01064,28
9,0,1,5.07517,29
3,0,1,5.01064,20
8,0,1,5.52146,25
14,1,1,5.99146,32
7,1,1,6.68461,37
1,0,0,5.52146,53
7,0,1,5.1358,31
8,0,0,5.29832,38
1,1,0,5.16479,52
6,0,0,5.78383,30
14,0,1,5.82895,21
9,0,1,6.21461,37
9,0,1,6.21461,37
9,0,0,5.99146,37
11,0,1,5.52146,35
5,1,0,5.01064,26
2,0,0,5.22036,27
11,0,1,5.63479,43
13,0,1,4.75359,26
2,0,0,5.29832,20
7,0,1,5.63479,29
1,1,0,5.39363,33
9,1,1,5.61677,55
5,1,0,5.99146,23
4,0,1,6.55108,41
1,1,1,5.28827,37
8,0,1,5.84644,44
5,1,0,5.70378,25
7,1,0,5.99146,42
2,0,0,5.99146,24
18,1,1,5.29832,59
9,0,1,6.21461,28
2,0,1,5.70378,20
1,0,0,5.10595,27
4,0,1,5.52146,35
6,0,1,5.70378,28
15,0,1,6.10925,40
4,0,0,5.51745,20
5,0,1,5.52146,31
8,0,1,6.01859,44
2,1,0,5.99146,26
3,0,0,5.33754,44
3,0,1,5.70378,45
3,0,0,6.14847,43
7,0,1,5.56068,43
1,0,0,4.82831,22
2,0,0,4.09434,22
4,1,1,5.29832,30
5,0,1,4.94164,40
2,0,1,5.29832,22
1,1,0,4.78749,46
4,0,1,6.05209,47
8,0,1,5.19296,54
2,1,0,6.55108,33
3,0,0,5.85793,22
6,0,1,5.70378,59
5,1,0,5.19296,27
14,0,1,5.52146,27
4,0,0,5.29832,22
2,0,0,5.85793,21
3,0,1,5.85793,21
3,0,1,5.34711,35
3,1,1,6.21461,44
3,0,0,6.30992,41
1,1,0,5.92693,43
10,0,1,7.09008,55
1,0,0,6.34564,27
3,1,1,7.09008,32
3,0,0,7.00307,42
7,0,0,5.76832,21
17,0,1,5.16479,32
7,0,0,5.70378,23
4,1,1,5.92693,35
15,0,0,5.19296,29
5,0,0,5.70378,23
16,1,1,7.00307,32
2,0,0,5.1358,23
1,1,0,5.99146,42
13,0,1,6.80239,30
2,0,1,5.52146,22
4,0,0,5.85793,43
8,0,0,5.01064,21
6,0,1,5.63479,20
3,1,0,6.39693,35
1,0,0,3.4012,20
14,1,1,6.02587,61
13,1,1,5.56068,30
10,0,0,5.24175,33
7,1,1,5.64897,36
27,0,1,5.33754,35
5,0,1,5.2933,55
5,0,1,4.89035,49
10,0,0,4.81218,24
3,0,0,5.19296,38
5,0,0,4.91998,36
11,0,0,4.79579,24
4,0,0,4.95583,31
1,1,0,6.4599,25
1,1,0,5.78996,24
5,0,0,4.89035,22
3,0,0,5.42495,45
5,1,1,5.19296,37
2,0,1,5.77455,47
3,1,1,4.7362,34
2,0,0,5.93754,25
4,1,0,6.16121,32
9,0,0,4.75359,37
1,1,0,5.71373,25
1,1,0,6.34212,31
8,0,1,5.93754,23
8,0,1,5.02388,30
5,0,0,5.93754,36
2,1,0,5.93754,41
2,1,1,6.34212,32
4,0,1,6.37502,53
9,0,1,5.94803,41
4,1,1,6.08222,38
2,0,0,5.79301,47
3,0,0,4.49981,44
1,1,1,5.42495,27
23,0,0,4.85203,21
9,1,1,5.46806,29
7,0,0,5.46806,25
9,1,1,5.98645,21
6,0,0,4.84419,54
6,0,0,5.11199,20
5,0,1,5.46806,35
5,0,0,5.58725,26
7,1,1,5.99894,31
3,0,0,6.27288,33
17,0,1,6.16121,37
2,1,0,5.80513,23
3,0,0,6.4677,21
2,0,1,6.05444,28
13,0,1,5.85793,51
2,1,1,6.80239,39
14,1,1,5.1358,30
5,1,1,6.16121,38
13,0,1,5.46806,30
19,0,1,6.05444,43
2,1,0,5.24175,29
1,1,0,6.39859,30
1,0,0,4.55388,24
2,1,0,6.34212,33
3,0,1,5.64897,36
25,0,0,4.84419,46
3,0,0,5.64897,32
2,1,0,6.8533,36
5,0,1,5.33754,44
5,1,0,6.29157,35
4,0,1,4.95583,23
1,0,1,4.91265,50
3,0,0,5.36129,22
9,1,0,5.42495,35
3,1,1,5.11199,28
1,1,1,5.92959,50
3,0,1,5.24175,29
27,0,1,5.52545,61
3,0,0,5.18739,31
3,0,1,6.2653,41
5,0,1,5.57973,26
2,0,0,5.24175,30
1,1,0,5.54518,29
4,0,1,6.10925,26
3,0,1,5.93754,47
3,0,1,5.57973,24
2,1,0,5.93754,29
8,0,1,5.80513,35
5,0,1,6.63068,44
3,0,1,6.34212,41
2,0,1,5.93754,31
11,0,1,6.07764,48
12,0,1,5.1299,21
14,0,1,6.25575,37
1,1,0,6.16121,40
15,0,1,5.24175,53
3,1,1,5.99396,26
7,0,1,6.39192,41
4,0,0,4.77068,36
2,1,0,6.56527,53
2,1,0,6.48311,49
3,0,0,4.95583,34
3,0,1,5.83773,35
3,0,1,6.53814,58
18,1,1,6.70441,31
1,1,0,5.94803,42
1,0,1,5.80513,23
3,1,0,6.16121,40
16,0,1,5.1358,27
3,1,1,5.93754,41
1,1,0,5.83188,40
11,0,1,5.46806,47
3,0,1,6.63068,49
11,0,1,5.24175,51
12,0,1,6.25575,61
2,0,1,6.29711,61
8,0,1,4.95583,61
5,1,1,5.64897,23
1,0,0,4.95583,28
6,0,0,4.84419,39
1,0,0,6.16121,31
3,0,0,5.80513,49
9,0,0,6.28786,56
2,1,0,5.93754,27
1,1,0,5.46806,31
5,0,1,5.83188,35
4,0,1,5.93754,44
4,0,1,6.56527,24
13,1,1,4.77068,20
5,1,1,6.63068,41
3,0,0,4.95583,20
11,1,1,6.27288,50
15,0,1,6.16121,43
1,1,0,6.30445,27
7,0,1,6.55251,31
2,0,0,5.80513,23
12,0,0,6.1203,37
2,1,0,6.63068,35
2,1,1,6.16121,36
7,0,0,5.46806,30
14,0,1,5.69036,50
7,0,1,5.64897,38
7,0,1,6.42325,35
1,1,0,4.7362,49
17,0,1,6.25575,41
5,0,1,5.24175,20
10,0,1,6.49678,32
9,0,1,5.40717,22
13,0,1,6.16121,38
1,0,0,4.55388,23
1,1,0,5.46806,29
1,1,0,5.46806,21
1,1,0,5.64897,35
4,0,1,6.34212,26
16,0,0,6.39859,47
1,0,0,4.95583,21
11,0,1,6.24611,39
13,0,1,6.41017,30
8,0,1,5.36129,25
4,0,1,5.64897,27
16,1,0,7.1507,37
1,1,0,6.76504,48
3,0,0,6.56527,25
3,0,0,5.40717,24
2,1,1,5.93754,40
4,0,0,6.01372,49
5,0,0,5.48894,32
5,1,1,5.97381,34
11,0,1,5.02388,38
6,1,1,6.05444,25
12,1,1,5.71373,31
11,0,1,6.74759,32
2,1,0,6.16121,45
4,0,1,5.77455,34
3,0,1,5.80513,32
2,1,0,5.87212,36
6,0,1,5.56068,34
1,1,0,5.24175,43
9,0,1,6.30079,40
4,1,0,5.64897,20
27,0,0,4.26268,21
5,0,1,6.1203,37
9,1,1,6.16121,27
8,0,1,6.8533,42
4,0,0,6.34212,47
1,1,1,4.95583,26
3,0,0,5.46806,27
1,0,1,6.16121,52
11,0,1,5.93754,47
3,1,0,6.42325,47
3,0,0,6.16121,40
12,0,1,5.04343,46
4,0,1,5.80513,21
10,1,1,5.70711,24
27,0,1,5.24175,49
5,0,1,4.94876,22
1,1,0,5.8861,31
13,0,0,5.24175,27
10,0,1,5.71373,41
3,0,0,4.95583,22
5,0,1,5.24175,47
3,1,1,4.95583,61
4,1,0,5.80513,43
13,1,0,5.02388,40
3,0,1,5.02388,48
2,0,1,6.34212,50
5,0,0,6.34212,41
2,1,0,5.84644,34
1,1,0,6.1203,34
3,1,1,5.93754,43
3,1,0,5.8861,37
1,1,0,5.44674,32
2,0,0,5.24175,23
2,0,0,5.1358,32
10,0,1,4.89035,56
2,0,0,5.1358,35
2,0,0,3.78419,33
3,0,0,4.7362,30
1,1,0,5.98645,46
5,1,0,7.54592,51
2,1,1,5.71373,23
2,0,0,5.64897,50
6,1,1,6.05444,32
1,0,0,5.24175,37
7,0,1,5.24175,48
2,0,1,5.64897,29
1,1,0,6.56527,25
7,1,1,6.42325,30
1,1,0,6.25575,31
2,0,0,5.02388,38
5,1,1,5.24175,48
12,0,1,5.11199,37
4,0,0,5.24175,45
14,1,0,6.07764,32
3,0,0,5.02388,21
1,0,0,5.46806,24
11,1,1,5.42495,22
18,1,1,5.56068,29
6,1,0,5.02388,21
1,1,0,5.93754,53
5,0,1,5.71373,29
2,0,0,5.46806,27
11,1,0,6.16121,54
2,1,0,5.56068,30
1,1,0,6.16121,41
1,0,0,5.80513,23
1,0,0,5.46806,23
7,0,1,5.93754,55
5,1,0,6.63068,35
2,0,0,5.36129,48
2,0,0,4.18965,34
1,0,1,5.46806,57
2,1,0,5.57973,55
4,1,1,5.3845,28
1,1,0,5.56068,32
2,0,0,5.24175,56
6,0,1,5.93754,39
2,0,0,4.33073,44
2,1,1,5.73334,48
1,1,0,6.90975,47
16,0,1,5.57973,52
7,0,0,6.70808,52
1,0,1,6.23441,53
5,1,1,5.71373,25
13,0,1,5.7301,52
2,1,1,5.93754,35
1,1,0,5.54518,43
2,0,0,5.80513,34
3,1,0,5.46806,43
3,1,0,5.93754,42
2,1,1,5.56068,30
1,0,0,5.46806,25
11,0,0,4.95583,22
3,0,0,5.80513,39
5,1,1,5.57973,60
4,0,1,6.20051,50
4,1,1,6.16121,34
1,1,1,6.07993,32
5,1,0,6.63988,40
3,0,0,5.64897,32
1,0,0,7.25912,31
1,0,0,5.24175,23
1,1,0,6.42325,46
4,0,1,5.99894,43
5,0,1,5.24175,52
2,0,0,5.1358,36
5,0,1,5.99645,31
7,1,1,5.17615,30
16,0,0,5.83188,25
5,0,1,5.99894,55
1,0,0,5.71373,24
5,0,0,5.46806,26
2,1,0,5.80513,22
2,1,0,5.19296,20
1,1,0,6.03309,54
15,1,0,5.84644,45
1,1,1,5.93754,30
9,1,1,6.16121,46
3,0,1,4.84419,46
1,0,0,5.40268,23
1,1,0,5.64897,28
1,1,0,5.57973,34
2,1,0,5.09987,33
4,0,1,5.80513,31
3,1,0,5.1299,25
3,0,1,5.3033,44
6,0,1,5.56068,45
7,1,1,6.16121,33
1,0,0,6.16121,53
2,0,0,6.63068,37
3,0,1,5.04986,43
3,0,1,5.33754,32
5,0,0,5.1358,37
4,0,0,5.11199,26
14,0,0,5.46806,43
3,0,0,5.64897,27
17,1,0,5.24175,28
1,1,0,5.1358,22
1,0,0,5.46806,21
3,0,0,4.95583,28
6,1,0,4.64439,24
6,0,0,5.0814,26
5,0,0,4.55388,58
3,0,0,5.42495,36
1,0,1,6.05444,46
3,0,1,6.27288,53
5,0,1,6.05444,42
5,1,1,6.05444,26
3,0,0,5.57973,24
1,1,0,6.00881,44
15,1,1,5.54908,54
5,1,1,5.77455,34
3,0,1,5.33754,32
1,1,0,5.57973,41
1,1,0,5.93754,31
4,0,1,6.25575,34
3,0,0,5.06259,41
2,1,0,6.16121,40
7,0,1,6.8533,46
2,0,1,5.42495,27
6,0,1,6.3081,26
1,0,1,5.46806,45
19,1,1,4.89035,40
10,0,1,5.93754,58
11,0,1,5.93754,29
12,0,1,4.96981,57
7,0,0,6.52503,53
3,1,1,6.2672,50
3,1,1,6.03309,42
5,0,1,6.38351,39
1,0,0,5.75257,35
14,0,1,5.57973,59
7,0,1,5.64897,32
4,0,1,5.56068,24
5,0,0,5.24175,22
4,0,1,6.36819,56
5,0,0,6.45677,32
1,0,0,5.24175,28
6,0,0,5.46806,23
2,0,1,5.57973,51
11,0,1,6.16121,44
3,0,0,5.46806,20
11,0,0,5.44242,27
2,1,0,5.80513,22
2,0,0,5.42495,21
1,1,0,5.57973,25
5,1,0,5.57973,28
13,0,1,5.64897,26
4,0,1,5.80513,35
10,0,0,4.95583,48
1,0,1,6.34212,27
8,1,1,5.80513,24
2,1,1,5.80513,27
14,0,0,4.84419,21
2,1,1,5.76519,28
2,0,1,6.16121,26
5,0,1,5.42495,30
2,0,1,5.57973,28
6,1,1,5.99396,32
3,0,0,5.1358,26
5,0,1,4.81218,25
2,1,0,5.64897,23
17,0,1,5.46806,41
5,1,1,4.55388,40
2,1,0,5.64897,33
16,0,0,4.81218,32
5,0,1,6.03309,59
2,1,0,6.03787,30
2,1,0,5.54126,22
5,1,0,5.80513,25
2,0,0,5.7301,28
5,1,1,5.50126,50
2,1,0,5.64897,39
1,1,0,6.05444,28
1,0,0,4.89035,25
14,0,1,5.87212,57
1,0,0,5.11799,27
1,0,1,6.25575,40
1,1,0,5.24175,29
4,0,0,5.36129,27
8,0,1,6.09807,55
3,0,0,5.24175,25
7,1,1,5.42495,28
1,0,0,5.56068,24
1,1,0,5.93754,55
3,0,0,7.44132,27
4,0,1,5.93754,48
1,1,0,5.93754,33
6,1,1,5.36129,23
8,0,1,6.8533,42
3,1,0,5.93754,36
1,0,0,5.72685,44
5,0,1,5.04986,23
9,0,1,5.99894,33
2,1,0,6.00881,28
3,0,0,5.30827,32
9,0,1,6.05444,32
4,0,1,5.46806,39
8,0,1,6.25575,39
3,1,1,6.04737,42
2,0,0,5.11199,25
7,0,1,5.34711,39
2,1,0,6.63068,41
5,0,0,6.25575,29
1,1,0,6.63068,40
1,0,0,5.36129,29
24,0,1,5.93754,49
1,0,1,5.24175,55
7,0,1,5.3845,24
2,0,1,5.2933,45
5,0,1,5.24702,30
15,0,1,5.80513,58
1,0,0,5.80513,35
11,1,1,5.64897,41
9,0,1,5.49717,24
9,1,1,6.20051,38
3,0,0,6.4599,50
3,0,1,5.46806,54
4,0,1,6.49678,59
1,1,1,5.24175,23
3,0,1,5.56068,35
2,0,1,4.84419,35
3,0,0,6.34212,21
7,0,1,5.24175,23
5,0,1,6.16121,46
3,0,1,5.3845,32
5,0,1,5.1358,24
4,1,1,5.1358,23
6,0,0,4.89035,30
3,0,0,4.8752,22
1,1,0,5.8861,41
3,0,0,5.02388,33
2,0,1,5.24175,47
4,0,1,6.05444,25
1,1,0,5.45104,42
4,0,0,6.1203,54
3,0,0,6.1203,27
5,1,0,5.46806,24
11,0,0,6.16121,44
2,1,0,5.24175,20
1,0,0,6.03309,59
13,0,1,5.42495,31
4,0,1,5.80513,35
2,0,0,5.24175,27
2,1,0,5.93754,61
27,0,0,4.66344,43
15,0,1,5.42495,33
16,0,1,5.7301,49
21,0,0,5.64897,22
15,0,0,5.7301,26
1,0,0,5.33754,35
2,0,0,5.90808,45
1,1,0,5.46806,31
5,0,1,5.9108,54
3,0,1,5.24175,34
3,0,0,4.84419,40
3,1,0,4.95583,48
3,0,0,5.71373,40
15,1,1,5.1358,42
5,1,1,6.16121,30
2,0,0,6.49678,40
9,0,1,6.16121,60
3,0,0,4.76217,23
18,1,0,5.80513,24
1,1,0,5.11199,26
4,1,1,5.36129,24
14,0,1,6.00141,38
9,1,0,5.46806,25
1,0,0,6.36819,59
2,0,1,5.64897,27
3,1,1,5.93754,37
15,0,1,5.36129,25
1,1,0,5.93754,31
1,0,0,4.55388,29
7,1,1,5.46806,29
1,1,0,6.03309,52
3,0,0,6.02102,42
3,1,1,5.7589,51
5,0,1,6.05444,32
14,0,1,6.34212,52
21,0,1,5.46806,40
6,1,0,5.42495,20
2,1,0,5.64897,35
1,1,0,5.59099,47
3,0,1,5.11199,27
5,0,0,4.55388,37
5,1,0,5.80513,35
5,0,1,5.24175,58
1,1,0,5.25227,43
5,0,1,6.30445,38
4,0,0,5.50533,31
2,0,0,5.24175,24
26,0,0,5.64897,58
4,1,0,6.34212,54
1,0,0,6.49678,31
1,0,1,6.34212,26
5,0,0,6.25575,24
2,0,0,5.42495,33
1,0,0,5.64897,30
1,1,0,5.11199,28
6,0,1,6.49678,58
2,0,0,6.63068,50
1,1,0,6.56527,53
14,1,1,5.83188,37
4,0,0,5.1358,25
7,1,0,5.80513,28
4,0,1,5.93754,39
3,1,0,6.34212,29
6,0,0,6.16121,29
8,1,1,6.34212,33
6,1,1,5.93754,27
1,1,0,6.27288,29
3,0,0,5.64897,27
2,0,0,5.64897,27
1,1,0,6.42325,39
4,0,1,6.1203,51
1,1,0,6.63068,34
3,1,1,5.80513,22
10,0,1,4.95583,21
7,0,1,5.66643,34
5,0,0,6.16121,42
12,0,1,5.54908,44
1,1,0,6.16121,61
1,0,1,5.93754,31
1,1,1,6.1203,48
3,0,0,4.91998,23
3,0,1,5.64897,28
27,0,1,6.34212,33
7,0,0,4.95583,21
1,1,0,5.36129,39
20,0,0,5.40717,42
2,1,1,5.81413,24
26,1,0,4.89035,23
7,0,0,5.24175,36
9,1,1,5.02388,53
13,0,0,5.7589,20
1,1,0,5.68358,24
9,0,1,5.77455,32
2,0,0,4.85203,27
5,1,0,5.24175,21
5,0,1,5.85793,47
1,1,0,5.64897,29
9,0,1,5.33754,28
1,1,0,5.80513,27
7,1,0,5.24175,20
4,1,1,6.63068,33
4,0,0,5.2832,20
5,0,0,5.50533,36
2,0,0,5.42495,43
1,1,0,6.16121,23
27,0,1,5.64897,31
14,1,0,4.41884,25
2,1,1,5.93754,40
1,1,1,6.63068,44
2,0,0,6.49678,29
1,0,0,6.03309,48
1,1,0,6.42325,42
2,1,0,5.46806,26
3,0,1,5.72685,39
2,1,0,5.93754,44
6,0,0,5.93754,44
2,1,0,5.80513,28
5,0,0,4.55388,28
7,0,1,5.24175,21
11,1,1,6.12687,52
3,0,0,4.95583,22
2,0,0,4.61512,22
5,0,0,5.24175,20
2,1,0,5.3845,25
12,0,1,4.89035,56
3,1,1,5.46806,31
1,1,0,5.93754,42
3,0,0,5.64897,25
6,0,1,5.64897,56
6,0,1,5.64897,49
10,0,1,6.34212,36
5,1,1,5.24175,21
1,0,1,5.24175,23
6,0,1,6.56527,39
6,0,1,5.46806,35
16,0,1,6.16121,32
7,0,0,5.11199,32
10,0,1,6.34212,32
18,0,1,5.71373,29
1,1,1,4.99043,28
3,0,0,6.16121,48
3,0,0,5.93754,34
3,1,1,4.99043,57
5,0,1,5.93754,47
11,1,1,5.64897,43
17,1,1,6.05444,29
2,0,0,5.46806,33
3,0,0,5.57973,40
5,0,0,5.42495,31
3,1,1,5.80513,35
11,0,0,5.44674,28
2,0,0,6.16121,30
2,0,0,6.34212,35
4,1,1,5.64897,29
16,0,1,6.1203,45
3,1,1,6.07764,24
14,0,1,6.43775,36
6,0,1,6.25575,43
1,0,0,4.77068,23
13,0,1,6.16121,34
2,0,0,5.24175,26
9,1,1,6.25575,20
5,1,1,5.11199,33
10,0,0,6.34212,31
14,0,1,6.00881,36
1,0,1,6.07764,34
6,0,0,6.34212,32
1,1,0,5.93754,35
2,0,0,5.46806,28
12,0,1,5.46806,24
2,0,1,5.79606,45
3,0,0,4.95583,32
5,0,0,4.92725,35
1,1,0,5.64897,26
3,0,0,4.7362,37
2,0,1,6.16121,25
2,0,0,5.24175,22
2,1,0,6.16121,27
7,0,1,5.87212,26
2,1,1,5.50533,22
1,0,0,5.66643,33
1,0,0,5.19296,20
1,0,0,5.53339,33
17,1,1,5.64897,27
1,0,0,4.89035,26
10,0,1,5.80513,51
1,1,0,6.25575,32
3,1,1,5.11199,43
3,0,1,6.34212,42
1,1,0,5.4848,28
7,1,1,5.89715,43
1,0,0,5.24175,22
3,1,1,5.88053,27
3,0,0,5.24175,23
3,0,1,6.16121,29
1,1,0,5.93754,58
5,0,1,4.95583,23
2,0,0,5.24175,21
4,0,1,5.93754,27
11,0,1,4.55388,51
3,0,1,5.98645,28
6,0,1,5.24175,36
22,0,1,5.80513,39
2,0,0,4.55388,39
1,0,0,5.44674,27
7,0,1,5.93754,25
2,0,0,5.42495,27
2,0,1,5.80513,47
3,0,0,5.75574,35
3,0,1,5.94803,33
2,1,0,5.50533,38
4,1,0,6.73697,31
2,0,0,5.93754,44
3,0,1,5.98645,37
9,0,0,5.64897,20
3,0,1,5.71373,43
1,0,1,5.42495,29
5,0,0,6.34212,34
1,1,0,5.93754,49
9,0,1,6.29157,27
3,0,0,5.24175,45
3,0,0,4.89035,23
13,0,1,5.24175,28
2,0,1,6.27099,46
14,1,1,5.7301,35
6,0,0,5.24175,24
4,1,1,5.24175,29
1,0,0,5.93754,37
3,0,0,4.95583,29
4,1,1,5.24175,21
2,0,0,5.46806,48
11,0,1,5.02388,27
7,0,1,5.42495,54
18,0,1,5.24175,48
21,0,1,5.80513,36
6,0,1,6.25575,37
3,0,1,5.93489,43
13,0,1,6.49678,51
6,0,0,5.93754,43
7,0,1,6.45677,32
2,1,0,5.24175,23
7,0,1,6.05444,40
1,0,0,5.44674,45
2,0,0,5.76832,47
2,0,0,4.77068,40
10,0,1,6.34212,44
11,1,1,5.42495,53
1,0,0,5.85793,20
4,0,1,5.69036,33
2,0,1,5.64897,56
2,1,0,5.50533,37
6,1,1,6.42325,37
3,0,1,6.16121,33
3,0,1,6.16121,47
5,0,1,4.95583,39
7,0,0,6.16121,44
1,1,0,5.22575,35
2,0,0,5.56068,28
5,0,1,5.24175,24
15,0,1,5.94803,48
10,1,1,5.79301,27
5,0,1,5.57215,40
11,0,1,5.69373,41
4,0,1,5.92959,27
5,0,1,5.80513,30
1,1,0,5.24175,29
8,1,1,7.49554,36
